<?xml version="1.0" encoding="UTF-8"?>
<PeakList>
  <PeakList1D>
    <PeakList1DHeader creator="nmr" date="2021-10-25T15:05:57.768+03:00" expNo="2" name="AM-150-n.p" owner="" procNo="1" source="//132.72.8.180/400b/Milo/Milo">
      <PeakPickDetails>F1=16.189520ppm, F2=-3.839527ppm, MI=0.00cm, MAXI=10000.00cm, PC=1.000
      </PeakPickDetails>
    </PeakList1DHeader>
    <Peak1D F1="15.315356" intensity="1.248233e-002" type="0"/>
    <Peak1D F1="13.962355" intensity="1.271260e-002" type="0"/>
    <Peak1D F1="13.174035" intensity="1.250936e-002" type="0"/>
    <Peak1D F1="13.074906" intensity="1.308833e-002" type="0"/>
    <Peak1D F1="12.490428" intensity="1.428625e-002" type="0"/>
    <Peak1D F1="11.252071" intensity="1.206951e-002" type="0"/>
    <Peak1D F1="11.137870" intensity="1.289667e-002" type="0"/>
    <Peak1D F1="10.343403" intensity="1.210569e-002" type="0"/>
    <Peak1D F1="10.266165" intensity="1.425634e-002" type="0"/>
    <Peak1D F1="8.818521" intensity="1.547178e-002" type="0"/>
    <Peak1D F1="8.762707" intensity="2.139777e-001" type="0"/>
    <Peak1D F1="8.743447" intensity="2.197418e-001" type="0"/>
    <Peak1D F1="8.688581" intensity="3.618848e-002" type="0"/>
    <Peak1D F1="8.669580" intensity="2.545813e-002" type="0"/>
    <Peak1D F1="8.441116" intensity="1.533783e-002" type="0"/>
    <Peak1D F1="8.423395" intensity="1.379227e-002" type="0"/>
    <Peak1D F1="8.323645" intensity="1.259318e-002" type="0"/>
    <Peak1D F1="8.260487" intensity="1.851830e-001" type="0"/>
    <Peak1D F1="8.247743" intensity="3.153720e-001" type="0"/>
    <Peak1D F1="8.233687" intensity="1.764695e-001" type="0"/>
    <Peak1D F1="7.758402" intensity="2.727726e-002" type="0"/>
    <Peak1D F1="7.737005" intensity="3.318600e-002" type="0"/>
    <Peak1D F1="7.727181" intensity="4.430988e-002" type="0"/>
    <Peak1D F1="7.706598" intensity="4.978587e-002" type="0"/>
    <Peak1D F1="7.651175" intensity="6.320344e-001" type="0"/>
    <Peak1D F1="7.644185" intensity="6.770257e-001" type="0"/>
    <Peak1D F1="7.611341" intensity="3.457165e-002" type="0"/>
    <Peak1D F1="7.590640" intensity="8.593418e-002" type="0"/>
    <Peak1D F1="7.569814" intensity="9.899821e-002" type="0"/>
    <Peak1D F1="7.525462" intensity="3.675350e-001" type="0"/>
    <Peak1D F1="7.518559" intensity="3.641555e-001" type="0"/>
    <Peak1D F1="7.503304" intensity="4.443518e-001" type="0"/>
    <Peak1D F1="7.496104" intensity="5.157354e-001" type="0"/>
    <Peak1D F1="7.489101" intensity="7.216743e-001" type="0"/>
    <Peak1D F1="7.468418" intensity="9.184315e-001" type="0"/>
    <Peak1D F1="7.445300" intensity="3.805530e-001" type="0"/>
    <Peak1D F1="7.426558" intensity="3.041017e-001" type="0"/>
    <Peak1D F1="7.404345" intensity="8.331040e-002" type="0"/>
    <Peak1D F1="7.382802" intensity="7.047967e-002" type="0"/>
    <Peak1D F1="7.361567" intensity="3.930066e-001" type="0"/>
    <Peak1D F1="7.342097" intensity="7.438394e-001" type="0"/>
    <Peak1D F1="7.322734" intensity="1.188302e+000" type="0"/>
    <Peak1D F1="7.301879" intensity="6.757571e-001" type="0"/>
    <Peak1D F1="7.264468" intensity="7.776825e-001" type="0"/>
    <Peak1D F1="7.246257" intensity="5.559407e-001" type="0"/>
    <Peak1D F1="7.227953" intensity="1.425187e-001" type="0"/>
    <Peak1D F1="7.208546" intensity="8.784088e-002" type="0"/>
    <Peak1D F1="7.190734" intensity="9.371403e-002" type="0"/>
    <Peak1D F1="7.178043" intensity="5.465891e-001" type="0"/>
    <Peak1D F1="7.155787" intensity="4.738474e-001" type="0"/>
    <Peak1D F1="7.103549" intensity="1.934508e-002" type="0"/>
    <Peak1D F1="7.057315" intensity="1.218869e-002" type="0"/>
    <Peak1D F1="6.662467" intensity="1.568109e-002" type="0"/>
    <Peak1D F1="5.359494" intensity="1.217640e-002" type="0"/>
    <Peak1D F1="5.346635" intensity="2.128438e-002" type="0"/>
    <Peak1D F1="5.337136" intensity="3.149563e-002" type="0"/>
    <Peak1D F1="4.108551" intensity="1.388938e-002" type="0"/>
    <Peak1D F1="4.080108" intensity="1.219278e-002" type="0"/>
    <Peak1D F1="4.052433" intensity="1.064870e-001" type="0"/>
    <Peak1D F1="4.008510" intensity="1.892698e-002" type="0"/>
    <Peak1D F1="3.937008" intensity="1.416956e-002" type="0"/>
    <Peak1D F1="3.916221" intensity="1.459910e-002" type="0"/>
    <Peak1D F1="3.877190" intensity="6.080274e-002" type="0"/>
    <Peak1D F1="3.826873" intensity="2.814501e+000" type="0"/>
    <Peak1D F1="3.812388" intensity="5.950435e-001" type="0"/>
    <Peak1D F1="3.778801" intensity="1.572383e-001" type="0"/>
    <Peak1D F1="3.736907" intensity="3.218091e-002" type="0"/>
    <Peak1D F1="3.731162" intensity="3.652444e-002" type="0"/>
    <Peak1D F1="3.724395" intensity="3.258493e-002" type="0"/>
    <Peak1D F1="3.712785" intensity="3.135625e-002" type="0"/>
    <Peak1D F1="3.706798" intensity="3.075314e-002" type="0"/>
    <Peak1D F1="3.664881" intensity="1.839622e-002" type="0"/>
    <Peak1D F1="3.641594" intensity="2.820369e-002" type="0"/>
    <Peak1D F1="3.607304" intensity="2.816619e-002" type="0"/>
    <Peak1D F1="3.577777" intensity="4.556879e-002" type="0"/>
    <Peak1D F1="3.553702" intensity="2.100267e-001" type="0"/>
    <Peak1D F1="3.535839" intensity="4.521497e-001" type="0"/>
    <Peak1D F1="3.521058" intensity="4.751434e-001" type="0"/>
    <Peak1D F1="3.504710" intensity="2.247178e-001" type="0"/>
    <Peak1D F1="3.471093" intensity="3.442434e-002" type="0"/>
    <Peak1D F1="3.419271" intensity="1.139447e-001" type="0"/>
    <Peak1D F1="3.401567" intensity="2.891589e-001" type="0"/>
    <Peak1D F1="3.384068" intensity="3.266536e-001" type="0"/>
    <Peak1D F1="3.375745" intensity="2.720353e-001" type="0"/>
    <Peak1D F1="3.366484" intensity="1.824051e-001" type="0"/>
    <Peak1D F1="3.325671" intensity="1.500000e+001" type="0"/>
    <Peak1D F1="3.275951" intensity="2.267177e-001" type="0"/>
    <Peak1D F1="3.228543" intensity="2.272151e-002" type="0"/>
    <Peak1D F1="3.214002" intensity="1.689723e-002" type="0"/>
    <Peak1D F1="3.189330" intensity="1.535586e-002" type="0"/>
    <Peak1D F1="3.166576" intensity="1.538781e-002" type="0"/>
    <Peak1D F1="3.140614" intensity="1.782648e-002" type="0"/>
    <Peak1D F1="3.133550" intensity="1.384071e-002" type="0"/>
    <Peak1D F1="3.040834" intensity="2.594672e-002" type="0"/>
    <Peak1D F1="2.975422" intensity="2.326145e-002" type="0"/>
    <Peak1D F1="2.967987" intensity="2.347430e-002" type="0"/>
    <Peak1D F1="2.962822" intensity="2.622241e-002" type="0"/>
    <Peak1D F1="2.926604" intensity="8.149546e-002" type="0"/>
    <Peak1D F1="2.901142" intensity="3.533372e-001" type="0"/>
    <Peak1D F1="2.883782" intensity="6.124570e-001" type="0"/>
    <Peak1D F1="2.866629" intensity="3.230131e-001" type="0"/>
    <Peak1D F1="2.821244" intensity="2.314470e-002" type="0"/>
    <Peak1D F1="2.801059" intensity="1.747351e-002" type="0"/>
    <Peak1D F1="2.762717" intensity="1.590146e-002" type="0"/>
    <Peak1D F1="2.721704" intensity="1.744833e-002" type="0"/>
    <Peak1D F1="2.705533" intensity="1.969471e-002" type="0"/>
    <Peak1D F1="2.679663" intensity="7.229926e-002" type="0"/>
    <Peak1D F1="2.651097" intensity="2.404968e-002" type="0"/>
    <Peak1D F1="2.638464" intensity="2.543350e-002" type="0"/>
    <Peak1D F1="2.624696" intensity="3.002888e-002" type="0"/>
    <Peak1D F1="2.560296" intensity="2.623564e-001" type="0"/>
    <Peak1D F1="2.514635" intensity="7.867471e+000" type="0"/>
    <Peak1D F1="2.510416" intensity="9.830733e+000" type="0"/>
    <Peak1D F1="2.506248" intensity="7.360810e+000" type="0"/>
    <Peak1D F1="2.460207" intensity="1.977685e-001" type="0"/>
    <Peak1D F1="2.397789" intensity="2.114910e-002" type="0"/>
    <Peak1D F1="2.381763" intensity="1.763017e-002" type="0"/>
    <Peak1D F1="2.337718" intensity="6.547383e-002" type="0"/>
    <Peak1D F1="2.308655" intensity="1.785335e-002" type="0"/>
    <Peak1D F1="2.274453" intensity="1.270281e-002" type="0"/>
    <Peak1D F1="2.218292" intensity="1.203652e-002" type="0"/>
    <Peak1D F1="2.204149" intensity="1.233042e-002" type="0"/>
    <Peak1D F1="2.193168" intensity="1.495847e-002" type="0"/>
    <Peak1D F1="2.095078" intensity="2.742904e-002" type="0"/>
    <Peak1D F1="2.035940" intensity="3.204002e-002" type="0"/>
    <Peak1D F1="2.017847" intensity="6.440511e-002" type="0"/>
    <Peak1D F1="1.999083" intensity="6.054429e-002" type="0"/>
    <Peak1D F1="1.967043" intensity="2.723049e-002" type="0"/>
    <Peak1D F1="1.917551" intensity="5.073846e-002" type="0"/>
    <Peak1D F1="1.863306" intensity="3.167850e-001" type="0"/>
    <Peak1D F1="1.812806" intensity="5.860518e-002" type="0"/>
    <Peak1D F1="1.779325" intensity="6.020809e-002" type="0"/>
    <Peak1D F1="1.765591" intensity="5.376660e-002" type="0"/>
    <Peak1D F1="1.761747" intensity="5.155358e-002" type="0"/>
    <Peak1D F1="1.693996" intensity="3.142665e-001" type="0"/>
    <Peak1D F1="1.586282" intensity="1.626901e-001" type="0"/>
    <Peak1D F1="1.556357" intensity="1.992821e-001" type="0"/>
    <Peak1D F1="1.517543" intensity="4.075983e-002" type="0"/>
    <Peak1D F1="1.483077" intensity="3.528702e-002" type="0"/>
    <Peak1D F1="1.476249" intensity="3.617868e-002" type="0"/>
    <Peak1D F1="1.451485" intensity="3.410175e-002" type="0"/>
    <Peak1D F1="1.400471" intensity="2.569096e-002" type="0"/>
    <Peak1D F1="1.364056" intensity="4.603674e-002" type="0"/>
    <Peak1D F1="1.342230" intensity="4.123223e-002" type="0"/>
    <Peak1D F1="1.304473" intensity="1.595237e-001" type="0"/>
    <Peak1D F1="1.278173" intensity="4.857202e-001" type="0"/>
    <Peak1D F1="1.251661" intensity="9.602569e-001" type="0"/>
    <Peak1D F1="1.230259" intensity="4.977621e-001" type="0"/>
    <Peak1D F1="1.117804" intensity="3.732226e-001" type="0"/>
    <Peak1D F1="1.100370" intensity="6.243337e-001" type="0"/>
    <Peak1D F1="1.082953" intensity="3.495199e-001" type="0"/>
    <Peak1D F1="0.999015" intensity="2.057172e-002" type="0"/>
    <Peak1D F1="0.968947" intensity="1.956946e-002" type="0"/>
    <Peak1D F1="0.957367" intensity="1.905896e-002" type="0"/>
    <Peak1D F1="0.924910" intensity="1.889315e-002" type="0"/>
    <Peak1D F1="0.879945" intensity="4.415797e-002" type="0"/>
    <Peak1D F1="0.863450" intensity="7.605562e-002" type="0"/>
    <Peak1D F1="0.837257" intensity="5.575126e-002" type="0"/>
    <Peak1D F1="0.818035" intensity="2.453393e-002" type="0"/>
    <Peak1D F1="0.292700" intensity="1.364527e-002" type="0"/>
    <Peak1D F1="0.213304" intensity="1.330477e-002" type="0"/>
    <Peak1D F1="0.134797" intensity="1.233291e-002" type="0"/>
    <Peak1D F1="0.058246" intensity="1.266973e-002" type="0"/>
    <Peak1D F1="0.026371" intensity="1.255243e-002" type="0"/>
    <Peak1D F1="-0.035405" intensity="1.262398e-002" type="0"/>
    <Peak1D F1="-0.104970" intensity="1.339106e-002" type="0"/>
    <Peak1D F1="-0.191291" intensity="1.716010e-002" type="0"/>
    <Peak1D F1="-3.143023" intensity="1.275483e-002" type="0"/>
    <Peak1D F1="-3.286505" intensity="1.227341e-002" type="0"/>
    <Peak1D F1="-3.567024" intensity="1.170617e-002" type="0"/>
    <Peak1D F1="-3.632858" intensity="1.206233e-002" type="0"/>
  </PeakList1D>
</PeakList>
