<?xml version="1.0" encoding="UTF-8"?>
<PeakList>
  <PeakList1D>
    <PeakList1DHeader creator="nmr" date="2021-10-25T13:29:33.045+03:00" expNo="2" name="AM-150-S3" owner="" procNo="1" source="//132.72.8.180/400b/Milo/Milo">
      <PeakPickDetails>F1=16.095909ppm, F2=-3.933136ppm, MI=0.00cm, MAXI=10000.00cm, PC=1.000
      </PeakPickDetails>
    </PeakList1DHeader>
    <Peak1D F1="15.110131" intensity="1.730720e-002" type="0"/>
    <Peak1D F1="11.476017" intensity="1.760497e-002" type="0"/>
    <Peak1D F1="10.550370" intensity="1.948191e-002" type="0"/>
    <Peak1D F1="8.310949" intensity="2.214158e-002" type="0"/>
    <Peak1D F1="8.218657" intensity="2.034003e-002" type="0"/>
    <Peak1D F1="8.139546" intensity="8.058096e-002" type="0"/>
    <Peak1D F1="8.106982" intensity="2.997380e+000" type="0"/>
    <Peak1D F1="8.100137" intensity="3.167041e+000" type="0"/>
    <Peak1D F1="8.057304" intensity="1.125464e-001" type="0"/>
    <Peak1D F1="8.051926" intensity="1.100796e-001" type="0"/>
    <Peak1D F1="8.021429" intensity="3.517927e-002" type="0"/>
    <Peak1D F1="7.985312" intensity="3.262308e-002" type="0"/>
    <Peak1D F1="7.963140" intensity="3.734273e-002" type="0"/>
    <Peak1D F1="7.943496" intensity="4.546888e-002" type="0"/>
    <Peak1D F1="7.909827" intensity="1.169194e-001" type="0"/>
    <Peak1D F1="7.887651" intensity="1.900010e-001" type="0"/>
    <Peak1D F1="7.858483" intensity="3.929669e+000" type="0"/>
    <Peak1D F1="7.837720" intensity="4.304679e+000" type="0"/>
    <Peak1D F1="7.807981" intensity="5.081595e-001" type="0"/>
    <Peak1D F1="7.744165" intensity="9.935910e-001" type="0"/>
    <Peak1D F1="7.640252" intensity="7.088415e-002" type="0"/>
    <Peak1D F1="7.625766" intensity="6.173010e-002" type="0"/>
    <Peak1D F1="7.590759" intensity="4.411806e-002" type="0"/>
    <Peak1D F1="7.523016" intensity="5.247613e-002" type="0"/>
    <Peak1D F1="7.490536" intensity="1.090880e-001" type="0"/>
    <Peak1D F1="7.439833" intensity="3.992655e+000" type="0"/>
    <Peak1D F1="7.419185" intensity="3.614463e+000" type="0"/>
    <Peak1D F1="7.389945" intensity="2.103765e-001" type="0"/>
    <Peak1D F1="7.370462" intensity="1.921476e-001" type="0"/>
    <Peak1D F1="7.339208" intensity="1.667325e+000" type="0"/>
    <Peak1D F1="7.332284" intensity="1.737616e+000" type="0"/>
    <Peak1D F1="7.317215" intensity="1.818150e+000" type="0"/>
    <Peak1D F1="7.310288" intensity="1.706441e+000" type="0"/>
    <Peak1D F1="7.260257" intensity="1.346342e-001" type="0"/>
    <Peak1D F1="7.241578" intensity="2.399046e-001" type="0"/>
    <Peak1D F1="7.191371" intensity="1.426301e+001" type="0"/>
    <Peak1D F1="7.141570" intensity="2.302965e-001" type="0"/>
    <Peak1D F1="7.090723" intensity="3.298277e-002" type="0"/>
    <Peak1D F1="7.030809" intensity="3.498659e-002" type="0"/>
    <Peak1D F1="7.007322" intensity="2.808736e-002" type="0"/>
    <Peak1D F1="6.927514" intensity="9.434875e-002" type="0"/>
    <Peak1D F1="6.919701" intensity="3.992385e-002" type="0"/>
    <Peak1D F1="6.881907" intensity="5.915203e-002" type="0"/>
    <Peak1D F1="6.831904" intensity="2.557153e+000" type="0"/>
    <Peak1D F1="6.809836" intensity="2.374548e+000" type="0"/>
    <Peak1D F1="6.645786" intensity="1.732195e-002" type="0"/>
    <Peak1D F1="6.629015" intensity="1.766662e-002" type="0"/>
    <Peak1D F1="5.305915" intensity="2.273732e-002" type="0"/>
    <Peak1D F1="5.288936" intensity="4.242368e-002" type="0"/>
    <Peak1D F1="5.273188" intensity="5.450659e-002" type="0"/>
    <Peak1D F1="5.128255" intensity="1.854461e-002" type="0"/>
    <Peak1D F1="4.794328" intensity="1.812732e-002" type="0"/>
    <Peak1D F1="4.768162" intensity="2.039227e-002" type="0"/>
    <Peak1D F1="4.718476" intensity="2.949426e-001" type="0"/>
    <Peak1D F1="4.060160" intensity="2.457537e-002" type="0"/>
    <Peak1D F1="4.041831" intensity="2.302183e-002" type="0"/>
    <Peak1D F1="4.015203" intensity="2.024831e-002" type="0"/>
    <Peak1D F1="3.984688" intensity="1.894723e-002" type="0"/>
    <Peak1D F1="3.960730" intensity="3.103292e-002" type="0"/>
    <Peak1D F1="3.929817" intensity="9.496070e-002" type="0"/>
    <Peak1D F1="3.889287" intensity="4.361071e-002" type="0"/>
    <Peak1D F1="3.874922" intensity="5.644527e-002" type="0"/>
    <Peak1D F1="3.856934" intensity="5.877281e-002" type="0"/>
    <Peak1D F1="3.800522" intensity="2.834419e-001" type="0"/>
    <Peak1D F1="3.750431" intensity="1.500000e+001" type="0"/>
    <Peak1D F1="3.725425" intensity="1.661764e+000" type="0"/>
    <Peak1D F1="3.716820" intensity="1.571550e+000" type="0"/>
    <Peak1D F1="3.699833" intensity="3.359265e+000" type="0"/>
    <Peak1D F1="3.684331" intensity="3.354023e+000" type="0"/>
    <Peak1D F1="3.667437" intensity="1.518378e+000" type="0"/>
    <Peak1D F1="3.592238" intensity="4.798632e-002" type="0"/>
    <Peak1D F1="3.585901" intensity="4.415411e-002" type="0"/>
    <Peak1D F1="3.565866" intensity="9.250489e-002" type="0"/>
    <Peak1D F1="3.540202" intensity="3.915022e-002" type="0"/>
    <Peak1D F1="3.524398" intensity="3.458412e-002" type="0"/>
    <Peak1D F1="3.503568" intensity="3.665213e-002" type="0"/>
    <Peak1D F1="3.490945" intensity="3.107273e-002" type="0"/>
    <Peak1D F1="3.476744" intensity="2.425584e-002" type="0"/>
    <Peak1D F1="3.435930" intensity="2.982110e-002" type="0"/>
    <Peak1D F1="3.412020" intensity="2.592768e-002" type="0"/>
    <Peak1D F1="3.390337" intensity="4.289509e-002" type="0"/>
    <Peak1D F1="3.371811" intensity="6.050653e-002" type="0"/>
    <Peak1D F1="3.353740" intensity="4.417103e-002" type="0"/>
    <Peak1D F1="3.298067" intensity="5.142390e-002" type="0"/>
    <Peak1D F1="3.275739" intensity="7.339534e-002" type="0"/>
    <Peak1D F1="3.256927" intensity="5.984510e-002" type="0"/>
    <Peak1D F1="3.242591" intensity="3.950404e-002" type="0"/>
    <Peak1D F1="3.208323" intensity="3.065994e-002" type="0"/>
    <Peak1D F1="3.158530" intensity="4.530962e-002" type="0"/>
    <Peak1D F1="3.130776" intensity="3.025003e-002" type="0"/>
    <Peak1D F1="3.065231" intensity="8.279110e-002" type="0"/>
    <Peak1D F1="3.015829" intensity="2.199407e+000" type="0"/>
    <Peak1D F1="2.998632" intensity="4.059658e+000" type="0"/>
    <Peak1D F1="2.981351" intensity="2.013893e+000" type="0"/>
    <Peak1D F1="2.947235" intensity="4.120814e-001" type="0"/>
    <Peak1D F1="2.929744" intensity="2.224031e-001" type="0"/>
    <Peak1D F1="2.851142" intensity="3.575010e-002" type="0"/>
    <Peak1D F1="2.834744" intensity="3.705189e-002" type="0"/>
    <Peak1D F1="2.817071" intensity="3.252091e-002" type="0"/>
    <Peak1D F1="2.784812" intensity="2.015396e-002" type="0"/>
    <Peak1D F1="2.699362" intensity="1.766628e-002" type="0"/>
    <Peak1D F1="2.466544" intensity="3.634436e-002" type="0"/>
    <Peak1D F1="2.447461" intensity="3.157067e-002" type="0"/>
    <Peak1D F1="2.439864" intensity="3.635647e-002" type="0"/>
    <Peak1D F1="2.169571" intensity="5.941307e-002" type="0"/>
    <Peak1D F1="2.149862" intensity="8.542437e-002" type="0"/>
    <Peak1D F1="2.130584" intensity="6.839357e-002" type="0"/>
    <Peak1D F1="2.101530" intensity="7.920234e-001" type="0"/>
    <Peak1D F1="2.046947" intensity="1.781290e-002" type="0"/>
    <Peak1D F1="2.003155" intensity="2.267025e-002" type="0"/>
    <Peak1D F1="1.974478" intensity="7.501876e-002" type="0"/>
    <Peak1D F1="1.947900" intensity="7.087785e-002" type="0"/>
    <Peak1D F1="1.810544" intensity="1.941020e-002" type="0"/>
    <Peak1D F1="1.771423" intensity="2.677798e-002" type="0"/>
    <Peak1D F1="1.753597" intensity="4.463145e-002" type="0"/>
    <Peak1D F1="1.737036" intensity="6.200374e-002" type="0"/>
    <Peak1D F1="1.720679" intensity="3.833648e-002" type="0"/>
    <Peak1D F1="1.700114" intensity="2.746928e-002" type="0"/>
    <Peak1D F1="1.688622" intensity="2.740642e-002" type="0"/>
    <Peak1D F1="1.668495" intensity="4.423802e-002" type="0"/>
    <Peak1D F1="1.628029" intensity="5.174829e-002" type="0"/>
    <Peak1D F1="1.589340" intensity="9.930082e-002" type="0"/>
    <Peak1D F1="1.572406" intensity="1.078442e-001" type="0"/>
    <Peak1D F1="1.539689" intensity="1.404423e-001" type="0"/>
    <Peak1D F1="1.489699" intensity="5.571780e+000" type="0"/>
    <Peak1D F1="1.441026" intensity="1.276100e-001" type="0"/>
    <Peak1D F1="1.426245" intensity="4.899672e-002" type="0"/>
    <Peak1D F1="1.408655" intensity="3.731205e-002" type="0"/>
    <Peak1D F1="1.365800" intensity="3.417349e-002" type="0"/>
    <Peak1D F1="1.335506" intensity="2.790674e-002" type="0"/>
    <Peak1D F1="1.244520" intensity="2.559048e-001" type="0"/>
    <Peak1D F1="1.225791" intensity="2.015581e-001" type="0"/>
    <Peak1D F1="1.185417" intensity="6.633475e-001" type="0"/>
    <Peak1D F1="1.097774" intensity="2.967317e-002" type="0"/>
    <Peak1D F1="1.040850" intensity="3.103917e-002" type="0"/>
    <Peak1D F1="1.018451" intensity="1.889405e-002" type="0"/>
    <Peak1D F1="1.000928" intensity="2.071522e-002" type="0"/>
    <Peak1D F1="0.994249" intensity="2.097584e-002" type="0"/>
    <Peak1D F1="0.966993" intensity="2.102511e-002" type="0"/>
    <Peak1D F1="0.939522" intensity="2.316631e-002" type="0"/>
    <Peak1D F1="0.866124" intensity="1.920258e-002" type="0"/>
    <Peak1D F1="0.811606" intensity="1.648910e-001" type="0"/>
    <Peak1D F1="0.793788" intensity="9.819114e-002" type="0"/>
    <Peak1D F1="0.784926" intensity="6.519098e-002" type="0"/>
    <Peak1D F1="0.774575" intensity="5.529832e-002" type="0"/>
    <Peak1D F1="0.761901" intensity="5.600166e-002" type="0"/>
    <Peak1D F1="0.732310" intensity="2.910194e-002" type="0"/>
    <Peak1D F1="0.709277" intensity="1.906993e-002" type="0"/>
    <Peak1D F1="0.704126" intensity="1.777238e-002" type="0"/>
    <Peak1D F1="0.518232" intensity="1.943681e-002" type="0"/>
    <Peak1D F1="0.507033" intensity="1.882513e-002" type="0"/>
    <Peak1D F1="0.490366" intensity="2.513670e-002" type="0"/>
    <Peak1D F1="0.477937" intensity="2.635126e-002" type="0"/>
    <Peak1D F1="0.442830" intensity="2.074660e-002" type="0"/>
    <Peak1D F1="0.436689" intensity="1.869935e-002" type="0"/>
    <Peak1D F1="0.413526" intensity="1.885484e-002" type="0"/>
    <Peak1D F1="0.379292" intensity="2.324622e-002" type="0"/>
    <Peak1D F1="0.373015" intensity="2.226503e-002" type="0"/>
    <Peak1D F1="0.313514" intensity="1.875761e-002" type="0"/>
    <Peak1D F1="0.095903" intensity="1.806979e-002" type="0"/>
    <Peak1D F1="-0.000156" intensity="2.887757e-001" type="0"/>
    <Peak1D F1="-2.217582" intensity="1.745250e-002" type="0"/>
    <Peak1D F1="-2.762520" intensity="1.853132e-002" type="0"/>
    <Peak1D F1="-3.247242" intensity="1.771156e-002" type="0"/>
    <Peak1D F1="-3.700661" intensity="1.956944e-002" type="0"/>
    <Peak1D F1="-3.713395" intensity="1.785967e-002" type="0"/>
  </PeakList1D>
</PeakList>
