<?xml version="1.0" encoding="UTF-8"?>
<PeakList>
  <PeakList1D>
    <PeakList1DHeader creator="nmr" date="2021-09-27T15:34:35.923+03:00" expNo="6" name="AM-130-US" owner="" procNo="1" source="\\132.72.8.180\400b\Milo\Milo">
      <PeakPickDetails>F1=16.094830ppm, F2=-3.934216ppm, MI=0.00cm, MAXI=10000.00cm, PC=1.000
      </PeakPickDetails>
    </PeakList1DHeader>
    <Peak1D F1="10.386003" intensity="1.460338e-002" type="0"/>
    <Peak1D F1="10.246749" intensity="2.034343e-002" type="0"/>
    <Peak1D F1="10.205112" intensity="2.360261e-002" type="0"/>
    <Peak1D F1="10.185716" intensity="2.753199e-002" type="0"/>
    <Peak1D F1="10.073407" intensity="5.891326e-002" type="0"/>
    <Peak1D F1="10.063961" intensity="6.427941e-002" type="0"/>
    <Peak1D F1="9.971078" intensity="1.030417e-001" type="0"/>
    <Peak1D F1="9.962139" intensity="9.715331e-002" type="0"/>
    <Peak1D F1="9.941777" intensity="9.787460e-002" type="0"/>
    <Peak1D F1="9.926369" intensity="8.926903e-002" type="0"/>
    <Peak1D F1="9.891000" intensity="7.571741e-002" type="0"/>
    <Peak1D F1="9.840024" intensity="5.390956e-002" type="0"/>
    <Peak1D F1="9.759125" intensity="3.530204e-002" type="0"/>
    <Peak1D F1="9.726911" intensity="2.959522e-002" type="0"/>
    <Peak1D F1="9.699533" intensity="2.542394e-002" type="0"/>
    <Peak1D F1="9.609031" intensity="1.603013e-002" type="0"/>
    <Peak1D F1="9.598714" intensity="1.383791e-002" type="0"/>
    <Peak1D F1="9.066709" intensity="1.407464e-002" type="0"/>
    <Peak1D F1="8.055629" intensity="1.886417e-002" type="0"/>
    <Peak1D F1="8.035115" intensity="2.063439e-002" type="0"/>
    <Peak1D F1="7.984519" intensity="2.041489e-002" type="0"/>
    <Peak1D F1="7.971956" intensity="2.341875e-002" type="0"/>
    <Peak1D F1="7.847826" intensity="2.051857e+000" type="0"/>
    <Peak1D F1="7.828072" intensity="2.157427e+000" type="0"/>
    <Peak1D F1="7.798450" intensity="1.807355e-001" type="0"/>
    <Peak1D F1="7.766344" intensity="7.657275e-002" type="0"/>
    <Peak1D F1="7.745214" intensity="6.771935e-002" type="0"/>
    <Peak1D F1="7.705154" intensity="1.771192e-002" type="0"/>
    <Peak1D F1="7.693780" intensity="1.778206e-002" type="0"/>
    <Peak1D F1="7.666364" intensity="1.688440e-002" type="0"/>
    <Peak1D F1="7.637841" intensity="2.813238e-002" type="0"/>
    <Peak1D F1="7.618324" intensity="2.712493e-002" type="0"/>
    <Peak1D F1="7.607859" intensity="2.450546e-002" type="0"/>
    <Peak1D F1="7.559227" intensity="4.815857e-002" type="0"/>
    <Peak1D F1="7.538099" intensity="5.393018e-002" type="0"/>
    <Peak1D F1="7.515952" intensity="3.237608e-002" type="0"/>
    <Peak1D F1="7.476724" intensity="3.638956e-002" type="0"/>
    <Peak1D F1="7.449092" intensity="1.233861e-001" type="0"/>
    <Peak1D F1="7.414040" intensity="7.947946e-002" type="0"/>
    <Peak1D F1="7.325895" intensity="1.558449e+000" type="0"/>
    <Peak1D F1="7.308642" intensity="2.154519e+000" type="0"/>
    <Peak1D F1="7.290350" intensity="1.465008e+000" type="0"/>
    <Peak1D F1="7.272297" intensity="1.020573e+000" type="0"/>
    <Peak1D F1="7.235432" intensity="3.632815e+000" type="0"/>
    <Peak1D F1="7.215111" intensity="3.461360e+000" type="0"/>
    <Peak1D F1="7.189989" intensity="1.750640e+001" type="0"/>
    <Peak1D F1="7.167937" intensity="1.810436e+000" type="0"/>
    <Peak1D F1="7.150670" intensity="8.728552e-001" type="0"/>
    <Peak1D F1="7.141353" intensity="6.690841e-001" type="0"/>
    <Peak1D F1="7.119932" intensity="1.883305e-001" type="0"/>
    <Peak1D F1="7.099550" intensity="1.494499e-001" type="0"/>
    <Peak1D F1="7.084076" intensity="1.569485e-001" type="0"/>
    <Peak1D F1="7.064496" intensity="1.535265e-001" type="0"/>
    <Peak1D F1="7.055448" intensity="1.886583e-001" type="0"/>
    <Peak1D F1="7.045321" intensity="1.473945e-001" type="0"/>
    <Peak1D F1="7.009454" intensity="6.961356e-002" type="0"/>
    <Peak1D F1="6.985568" intensity="1.168337e-001" type="0"/>
    <Peak1D F1="6.935670" intensity="2.607077e+000" type="0"/>
    <Peak1D F1="6.915575" intensity="3.044162e+000" type="0"/>
    <Peak1D F1="6.885864" intensity="1.327035e-001" type="0"/>
    <Peak1D F1="6.866418" intensity="1.288319e-001" type="0"/>
    <Peak1D F1="6.853057" intensity="1.114661e-001" type="0"/>
    <Peak1D F1="6.842745" intensity="1.091422e-001" type="0"/>
    <Peak1D F1="6.818414" intensity="1.500245e-001" type="0"/>
    <Peak1D F1="6.710511" intensity="6.931614e-001" type="0"/>
    <Peak1D F1="6.451767" intensity="1.756833e-002" type="0"/>
    <Peak1D F1="6.395276" intensity="1.508930e-002" type="0"/>
    <Peak1D F1="6.367581" intensity="1.526984e-002" type="0"/>
    <Peak1D F1="5.276462" intensity="3.034835e-002" type="0"/>
    <Peak1D F1="4.424983" intensity="8.545769e-002" type="0"/>
    <Peak1D F1="3.532403" intensity="1.436308e-002" type="0"/>
    <Peak1D F1="3.490190" intensity="8.557122e-002" type="0"/>
    <Peak1D F1="3.462285" intensity="1.989850e-002" type="0"/>
    <Peak1D F1="3.434854" intensity="4.038537e-002" type="0"/>
    <Peak1D F1="3.424618" intensity="1.258023e-001" type="0"/>
    <Peak1D F1="3.417681" intensity="9.222145e-002" type="0"/>
    <Peak1D F1="3.400267" intensity="8.166049e-002" type="0"/>
    <Peak1D F1="3.383273" intensity="2.878105e-002" type="0"/>
    <Peak1D F1="3.082697" intensity="1.452599e-002" type="0"/>
    <Peak1D F1="2.667503" intensity="1.701182e-002" type="0"/>
    <Peak1D F1="2.563628" intensity="2.653268e-002" type="0"/>
    <Peak1D F1="2.542285" intensity="2.410435e-002" type="0"/>
    <Peak1D F1="2.526875" intensity="2.039656e-002" type="0"/>
    <Peak1D F1="2.506676" intensity="9.271329e-002" type="0"/>
    <Peak1D F1="2.456608" intensity="3.383703e-002" type="0"/>
    <Peak1D F1="2.422531" intensity="8.437084e-002" type="0"/>
    <Peak1D F1="2.399956" intensity="2.874058e-001" type="0"/>
    <Peak1D F1="2.349887" intensity="1.500000e+001" type="0"/>
    <Peak1D F1="2.300041" intensity="4.703372e-001" type="0"/>
    <Peak1D F1="2.251762" intensity="2.901549e-001" type="0"/>
    <Peak1D F1="2.238976" intensity="1.338455e-001" type="0"/>
    <Peak1D F1="2.202014" intensity="1.315607e+001" type="0"/>
    <Peak1D F1="2.152063" intensity="2.501554e-001" type="0"/>
    <Peak1D F1="2.128590" intensity="1.432324e-001" type="0"/>
    <Peak1D F1="2.100833" intensity="2.206189e-001" type="0"/>
    <Peak1D F1="2.042055" intensity="7.110541e-002" type="0"/>
    <Peak1D F1="1.965231" intensity="1.473887e-002" type="0"/>
    <Peak1D F1="1.947610" intensity="2.480398e-002" type="0"/>
    <Peak1D F1="1.929009" intensity="2.381867e-002" type="0"/>
    <Peak1D F1="1.585808" intensity="2.022255e-002" type="0"/>
    <Peak1D F1="1.526196" intensity="1.232071e-001" type="0"/>
    <Peak1D F1="1.475877" intensity="7.242927e+000" type="0"/>
    <Peak1D F1="1.425810" intensity="1.101985e-001" type="0"/>
    <Peak1D F1="1.344582" intensity="1.374002e-002" type="0"/>
    <Peak1D F1="1.238920" intensity="1.013717e-001" type="0"/>
    <Peak1D F1="1.184877" intensity="5.603210e-001" type="0"/>
    <Peak1D F1="1.156319" intensity="8.968168e-002" type="0"/>
    <Peak1D F1="1.138503" intensity="1.625315e-001" type="0"/>
    <Peak1D F1="1.121262" intensity="7.494528e-002" type="0"/>
    <Peak1D F1="0.829044" intensity="5.192331e-002" type="0"/>
    <Peak1D F1="0.811128" intensity="1.186839e-001" type="0"/>
    <Peak1D F1="0.793481" intensity="6.045711e-002" type="0"/>
    <Peak1D F1="0.785409" intensity="4.982429e-002" type="0"/>
    <Peak1D F1="0.726233" intensity="1.420890e-002" type="0"/>
    <Peak1D F1="0.714928" intensity="1.861918e-002" type="0"/>
    <Peak1D F1="0.695197" intensity="3.481117e-002" type="0"/>
    <Peak1D F1="0.676878" intensity="1.615213e-002" type="0"/>
    <Peak1D F1="0.391828" intensity="1.446812e-002" type="0"/>
    <Peak1D F1="0.325132" intensity="1.408238e-002" type="0"/>
    <Peak1D F1="-0.000157" intensity="2.738298e-001" type="0"/>
    <Peak1D F1="-3.132182" intensity="1.425239e-002" type="0"/>
    <Peak1D F1="-3.487820" intensity="1.610335e-002" type="0"/>
  </PeakList1D>
</PeakList>
