<?xml version="1.0" encoding="UTF-8"?>
<PeakList>
  <PeakList1D>
    <PeakList1DHeader creator="nmr" date="2021-10-25T14:17:11.939+03:00" expNo="8" name="AM-150-2-Me" owner="" procNo="1" source="//132.72.8.180/400b/Milo/Milo">
      <PeakPickDetails>F1=16.095430ppm, F2=-3.933615ppm, MI=0.00cm, MAXI=10000.00cm, PC=1.000
      </PeakPickDetails>
    </PeakList1DHeader>
    <Peak1D F1="13.180830" intensity="2.082229e-002" type="0"/>
    <Peak1D F1="10.318274" intensity="3.088342e-002" type="0"/>
    <Peak1D F1="10.296723" intensity="2.942255e-002" type="0"/>
    <Peak1D F1="10.273133" intensity="3.994717e-002" type="0"/>
    <Peak1D F1="10.163961" intensity="2.039018e-001" type="0"/>
    <Peak1D F1="10.119857" intensity="1.024505e-001" type="0"/>
    <Peak1D F1="10.029736" intensity="3.192675e-002" type="0"/>
    <Peak1D F1="9.937687" intensity="2.271305e-002" type="0"/>
    <Peak1D F1="9.782929" intensity="2.079640e-002" type="0"/>
    <Peak1D F1="8.794743" intensity="2.083167e-002" type="0"/>
    <Peak1D F1="7.937787" intensity="2.521320e-002" type="0"/>
    <Peak1D F1="7.854779" intensity="1.437773e+000" type="0"/>
    <Peak1D F1="7.834725" intensity="1.508219e+000" type="0"/>
    <Peak1D F1="7.752622" intensity="4.854178e-002" type="0"/>
    <Peak1D F1="7.728969" intensity="2.942688e-002" type="0"/>
    <Peak1D F1="7.690133" intensity="2.486313e-002" type="0"/>
    <Peak1D F1="7.668055" intensity="2.709594e-002" type="0"/>
    <Peak1D F1="7.657606" intensity="3.325203e-002" type="0"/>
    <Peak1D F1="7.611040" intensity="4.933044e-002" type="0"/>
    <Peak1D F1="7.557016" intensity="2.727743e-001" type="0"/>
    <Peak1D F1="7.542493" intensity="2.757370e-001" type="0"/>
    <Peak1D F1="7.490251" intensity="4.330115e-002" type="0"/>
    <Peak1D F1="7.449489" intensity="2.325947e-001" type="0"/>
    <Peak1D F1="7.432777" intensity="2.657251e-001" type="0"/>
    <Peak1D F1="7.417087" intensity="2.879244e-001" type="0"/>
    <Peak1D F1="7.295312" intensity="2.148636e-001" type="0"/>
    <Peak1D F1="7.245372" intensity="1.815502e+000" type="0"/>
    <Peak1D F1="7.225608" intensity="1.747020e+000" type="0"/>
    <Peak1D F1="7.190558" intensity="2.580309e+001" type="0"/>
    <Peak1D F1="7.153288" intensity="7.522312e-001" type="0"/>
    <Peak1D F1="7.140373" intensity="1.066408e+000" type="0"/>
    <Peak1D F1="7.135025" intensity="1.105529e+000" type="0"/>
    <Peak1D F1="7.115109" intensity="9.919091e-001" type="0"/>
    <Peak1D F1="7.082314" intensity="1.010836e+000" type="0"/>
    <Peak1D F1="7.064504" intensity="1.261033e+000" type="0"/>
    <Peak1D F1="7.020509" intensity="7.377431e-001" type="0"/>
    <Peak1D F1="7.001692" intensity="8.893985e-001" type="0"/>
    <Peak1D F1="6.976449" intensity="1.050571e+000" type="0"/>
    <Peak1D F1="6.956922" intensity="8.154206e-001" type="0"/>
    <Peak1D F1="6.938308" intensity="1.343271e-001" type="0"/>
    <Peak1D F1="6.926548" intensity="2.400963e-001" type="0"/>
    <Peak1D F1="6.906193" intensity="1.196896e-001" type="0"/>
    <Peak1D F1="6.863730" intensity="1.479461e+000" type="0"/>
    <Peak1D F1="6.843638" intensity="1.641717e+000" type="0"/>
    <Peak1D F1="6.796779" intensity="8.047598e-002" type="0"/>
    <Peak1D F1="6.734835" intensity="1.504292e-001" type="0"/>
    <Peak1D F1="6.702145" intensity="4.716164e-002" type="0"/>
    <Peak1D F1="6.634473" intensity="7.541666e-002" type="0"/>
    <Peak1D F1="6.584825" intensity="1.746180e+000" type="0"/>
    <Peak1D F1="6.564642" intensity="1.487341e+000" type="0"/>
    <Peak1D F1="6.409920" intensity="2.477991e-002" type="0"/>
    <Peak1D F1="5.290130" intensity="4.306909e-002" type="0"/>
    <Peak1D F1="5.275957" intensity="7.038891e-002" type="0"/>
    <Peak1D F1="3.490705" intensity="2.120289e-002" type="0"/>
    <Peak1D F1="3.465244" intensity="2.202376e-002" type="0"/>
    <Peak1D F1="3.434911" intensity="2.331049e-002" type="0"/>
    <Peak1D F1="3.418661" intensity="3.542946e-002" type="0"/>
    <Peak1D F1="3.398662" intensity="2.561327e-002" type="0"/>
    <Peak1D F1="2.576829" intensity="2.218468e-002" type="0"/>
    <Peak1D F1="2.555063" intensity="2.378518e-002" type="0"/>
    <Peak1D F1="2.514151" intensity="4.549609e-002" type="0"/>
    <Peak1D F1="2.475308" intensity="4.163285e-002" type="0"/>
    <Peak1D F1="2.463349" intensity="4.658607e-002" type="0"/>
    <Peak1D F1="2.446713" intensity="4.935596e-002" type="0"/>
    <Peak1D F1="2.406604" intensity="1.758219e-001" type="0"/>
    <Peak1D F1="2.357350" intensity="5.778779e+000" type="0"/>
    <Peak1D F1="2.320905" intensity="8.497470e-001" type="0"/>
    <Peak1D F1="2.269726" intensity="8.350077e-001" type="0"/>
    <Peak1D F1="2.228090" intensity="8.219377e-001" type="0"/>
    <Peak1D F1="2.204895" intensity="3.393059e-001" type="0"/>
    <Peak1D F1="2.155047" intensity="5.231010e+000" type="0"/>
    <Peak1D F1="2.127706" intensity="2.317224e-001" type="0"/>
    <Peak1D F1="2.101153" intensity="2.060903e+000" type="0"/>
    <Peak1D F1="2.080757" intensity="1.976441e-001" type="0"/>
    <Peak1D F1="2.030722" intensity="5.323806e+000" type="0"/>
    <Peak1D F1="1.994192" intensity="1.067192e-001" type="0"/>
    <Peak1D F1="1.980699" intensity="1.338229e-001" type="0"/>
    <Peak1D F1="1.948746" intensity="9.367648e-002" type="0"/>
    <Peak1D F1="1.936642" intensity="1.007787e-001" type="0"/>
    <Peak1D F1="1.921178" intensity="4.702631e-002" type="0"/>
    <Peak1D F1="1.868104" intensity="3.467076e-002" type="0"/>
    <Peak1D F1="1.700360" intensity="5.564585e-002" type="0"/>
    <Peak1D F1="1.688271" intensity="2.295681e-002" type="0"/>
    <Peak1D F1="1.672629" intensity="2.463087e-002" type="0"/>
    <Peak1D F1="1.585425" intensity="8.817901e-002" type="0"/>
    <Peak1D F1="1.570083" intensity="9.733462e-002" type="0"/>
    <Peak1D F1="1.527584" intensity="3.624435e-001" type="0"/>
    <Peak1D F1="1.477502" intensity="1.500000e+001" type="0"/>
    <Peak1D F1="1.427636" intensity="3.068879e-001" type="0"/>
    <Peak1D F1="1.358030" intensity="4.986165e-002" type="0"/>
    <Peak1D F1="1.241693" intensity="3.135223e-001" type="0"/>
    <Peak1D F1="1.185719" intensity="9.098453e-001" type="0"/>
    <Peak1D F1="1.156306" intensity="9.249831e-002" type="0"/>
    <Peak1D F1="1.139232" intensity="9.362460e-002" type="0"/>
    <Peak1D F1="1.121556" intensity="5.389892e-002" type="0"/>
    <Peak1D F1="1.061260" intensity="2.978674e-002" type="0"/>
    <Peak1D F1="1.052810" intensity="2.561189e-002" type="0"/>
    <Peak1D F1="1.018203" intensity="3.611425e-002" type="0"/>
    <Peak1D F1="0.990180" intensity="2.724213e-002" type="0"/>
    <Peak1D F1="0.967186" intensity="2.550033e-002" type="0"/>
    <Peak1D F1="0.939604" intensity="2.528483e-002" type="0"/>
    <Peak1D F1="0.874210" intensity="2.744047e-002" type="0"/>
    <Peak1D F1="0.826000" intensity="1.238035e-001" type="0"/>
    <Peak1D F1="0.811476" intensity="2.628635e-001" type="0"/>
    <Peak1D F1="0.793510" intensity="1.483701e-001" type="0"/>
    <Peak1D F1="0.713280" intensity="6.151205e-002" type="0"/>
    <Peak1D F1="0.695046" intensity="7.903326e-002" type="0"/>
    <Peak1D F1="0.675084" intensity="3.875315e-002" type="0"/>
    <Peak1D F1="0.050021" intensity="2.196374e-002" type="0"/>
    <Peak1D F1="0.017794" intensity="3.761533e-002" type="0"/>
    <Peak1D F1="-0.000156" intensity="9.287834e-001" type="0"/>
    <Peak1D F1="-2.199854" intensity="2.107942e-002" type="0"/>
    <Peak1D F1="-3.594935" intensity="2.216305e-002" type="0"/>
  </PeakList1D>
</PeakList>
