<?xml version="1.0" encoding="UTF-8"?>
<PeakList>
  <PeakList1D>
    <PeakList1DHeader creator="nmr" date="2021-11-01T13:34:38.139+02:00" expNo="5" name="AM-US-Azide" owner="" procNo="1" source="//132.72.8.180/400b/Milo/Milo">
      <PeakPickDetails>F1=16.091520ppm, F2=-3.937525ppm, MI=0.00cm, MAXI=10000.00cm, PC=1.000
      </PeakPickDetails>
    </PeakList1DHeader>
    <Peak1D F1="11.859895" intensity="1.075554e-003" type="0"/>
    <Peak1D F1="10.794041" intensity="1.161108e-003" type="0"/>
    <Peak1D F1="8.464161" intensity="1.287621e-003" type="0"/>
    <Peak1D F1="8.444450" intensity="1.141036e-003" type="0"/>
    <Peak1D F1="8.395149" intensity="1.522688e-003" type="0"/>
    <Peak1D F1="8.376997" intensity="1.521200e-003" type="0"/>
    <Peak1D F1="8.342483" intensity="1.691439e-003" type="0"/>
    <Peak1D F1="8.293676" intensity="2.534722e-003" type="0"/>
    <Peak1D F1="8.268492" intensity="2.354594e-003" type="0"/>
    <Peak1D F1="8.253460" intensity="3.282883e-003" type="0"/>
    <Peak1D F1="8.240337" intensity="3.242757e-003" type="0"/>
    <Peak1D F1="8.194101" intensity="4.291500e-003" type="0"/>
    <Peak1D F1="8.153481" intensity="7.312805e-003" type="0"/>
    <Peak1D F1="8.131003" intensity="8.635846e-003" type="0"/>
    <Peak1D F1="8.106187" intensity="4.793900e-002" type="0"/>
    <Peak1D F1="8.102161" intensity="6.632241e-002" type="0"/>
    <Peak1D F1="8.082738" intensity="7.631569e-002" type="0"/>
    <Peak1D F1="7.975364" intensity="5.554290e-002" type="0"/>
    <Peak1D F1="7.945922" intensity="3.411881e-001" type="0"/>
    <Peak1D F1="7.944783" intensity="3.385001e-001" type="0"/>
    <Peak1D F1="7.926073" intensity="4.464798e-001" type="0"/>
    <Peak1D F1="7.896253" intensity="1.304043e+001" type="0"/>
    <Peak1D F1="7.876354" intensity="1.500000e+001" type="0"/>
    <Peak1D F1="7.873129" intensity="1.085408e+001" type="0"/>
    <Peak1D F1="7.845494" intensity="3.508313e-001" type="0"/>
    <Peak1D F1="7.825858" intensity="2.935064e-001" type="0"/>
    <Peak1D F1="7.824684" intensity="2.906514e-001" type="0"/>
    <Peak1D F1="7.772277" intensity="5.733669e-002" type="0"/>
    <Peak1D F1="7.769197" intensity="5.849858e-002" type="0"/>
    <Peak1D F1="7.750871" intensity="1.024844e-001" type="0"/>
    <Peak1D F1="7.732342" intensity="1.299486e-001" type="0"/>
    <Peak1D F1="7.729578" intensity="1.217458e-001" type="0"/>
    <Peak1D F1="7.712008" intensity="2.086312e-001" type="0"/>
    <Peak1D F1="7.680398" intensity="3.001963e+000" type="0"/>
    <Peak1D F1="7.662038" intensity="8.171600e+000" type="0"/>
    <Peak1D F1="7.642952" intensity="5.379064e+000" type="0"/>
    <Peak1D F1="7.613947" intensity="3.512305e-001" type="0"/>
    <Peak1D F1="7.595158" intensity="4.804769e-001" type="0"/>
    <Peak1D F1="7.565746" intensity="1.085515e+001" type="0"/>
    <Peak1D F1="7.545787" intensity="1.486946e+001" type="0"/>
    <Peak1D F1="7.526430" intensity="6.518510e+000" type="0"/>
    <Peak1D F1="7.495993" intensity="3.283773e-001" type="0"/>
    <Peak1D F1="7.476216" intensity="1.629977e-001" type="0"/>
    <Peak1D F1="7.453780" intensity="8.884721e-002" type="0"/>
    <Peak1D F1="7.434683" intensity="6.418397e-002" type="0"/>
    <Peak1D F1="7.421783" intensity="2.973792e-002" type="0"/>
    <Peak1D F1="7.416773" intensity="2.834775e-002" type="0"/>
    <Peak1D F1="7.405287" intensity="1.546467e-002" type="0"/>
    <Peak1D F1="7.390045" intensity="1.080326e-002" type="0"/>
    <Peak1D F1="7.357427" intensity="5.571626e-002" type="0"/>
    <Peak1D F1="7.338706" intensity="8.133157e-002" type="0"/>
    <Peak1D F1="7.321643" intensity="3.526485e-002" type="0"/>
    <Peak1D F1="7.316875" intensity="3.588520e-002" type="0"/>
    <Peak1D F1="7.286237" intensity="5.793976e-003" type="0"/>
    <Peak1D F1="7.271820" intensity="5.497017e-003" type="0"/>
    <Peak1D F1="7.247673" intensity="5.332443e-003" type="0"/>
    <Peak1D F1="7.236689" intensity="3.966091e-002" type="0"/>
    <Peak1D F1="7.235166" intensity="3.863101e-002" type="0"/>
    <Peak1D F1="7.186103" intensity="2.127481e+000" type="0"/>
    <Peak1D F1="7.135312" intensity="3.517827e-002" type="0"/>
    <Peak1D F1="7.099855" intensity="2.676071e-003" type="0"/>
    <Peak1D F1="7.085156" intensity="2.555967e-003" type="0"/>
    <Peak1D F1="7.043635" intensity="2.133157e-003" type="0"/>
    <Peak1D F1="7.037954" intensity="1.903382e-003" type="0"/>
    <Peak1D F1="6.959915" intensity="1.698255e-003" type="0"/>
    <Peak1D F1="6.944140" intensity="1.411358e-003" type="0"/>
    <Peak1D F1="6.921767" intensity="1.202780e-002" type="0"/>
    <Peak1D F1="6.909975" intensity="1.374833e-003" type="0"/>
    <Peak1D F1="6.884597" intensity="1.474394e-003" type="0"/>
    <Peak1D F1="6.845955" intensity="1.306758e-003" type="0"/>
    <Peak1D F1="6.773230" intensity="1.146778e-003" type="0"/>
    <Peak1D F1="6.749558" intensity="1.418548e-003" type="0"/>
    <Peak1D F1="6.604401" intensity="1.099507e-003" type="0"/>
    <Peak1D F1="5.295165" intensity="1.294139e-003" type="0"/>
    <Peak1D F1="5.282208" intensity="1.764882e-003" type="0"/>
    <Peak1D F1="5.264733" intensity="3.123886e-003" type="0"/>
    <Peak1D F1="4.775716" intensity="1.326034e-002" type="0"/>
    <Peak1D F1="4.710181" intensity="1.482019e-003" type="0"/>
    <Peak1D F1="2.596269" intensity="3.505331e-003" type="0"/>
    <Peak1D F1="2.399982" intensity="5.064307e-003" type="0"/>
    <Peak1D F1="2.287466" intensity="1.457140e-003" type="0"/>
    <Peak1D F1="2.269589" intensity="1.607361e-003" type="0"/>
    <Peak1D F1="2.254273" intensity="1.169310e-003" type="0"/>
    <Peak1D F1="2.165923" intensity="2.968111e-003" type="0"/>
    <Peak1D F1="2.146970" intensity="4.117545e-003" type="0"/>
    <Peak1D F1="2.128840" intensity="2.821326e-003" type="0"/>
    <Peak1D F1="2.084770" intensity="3.576540e-003" type="0"/>
    <Peak1D F1="2.007539" intensity="1.541277e-003" type="0"/>
    <Peak1D F1="1.937476" intensity="3.172549e-003" type="0"/>
    <Peak1D F1="1.923219" intensity="3.024366e-003" type="0"/>
    <Peak1D F1="1.906231" intensity="1.917712e-003" type="0"/>
    <Peak1D F1="1.883128" intensity="1.147930e-003" type="0"/>
    <Peak1D F1="1.874230" intensity="1.172553e-003" type="0"/>
    <Peak1D F1="1.724733" intensity="1.059313e-003" type="0"/>
    <Peak1D F1="1.678158" intensity="1.185348e-003" type="0"/>
    <Peak1D F1="1.651714" intensity="1.669591e-003" type="0"/>
    <Peak1D F1="1.639967" intensity="2.110910e-003" type="0"/>
    <Peak1D F1="1.554832" intensity="4.488024e-002" type="0"/>
    <Peak1D F1="1.457665" intensity="5.235363e-003" type="0"/>
    <Peak1D F1="1.437881" intensity="2.914439e-003" type="0"/>
    <Peak1D F1="1.423082" intensity="2.308631e-003" type="0"/>
    <Peak1D F1="1.408308" intensity="2.073926e-003" type="0"/>
    <Peak1D F1="1.354412" intensity="1.835143e-003" type="0"/>
    <Peak1D F1="1.342880" intensity="1.747779e-003" type="0"/>
    <Peak1D F1="1.321112" intensity="1.885733e-003" type="0"/>
    <Peak1D F1="1.227943" intensity="1.389786e-002" type="0"/>
    <Peak1D F1="1.176422" intensity="5.062836e-002" type="0"/>
    <Peak1D F1="1.139785" intensity="5.470525e-003" type="0"/>
    <Peak1D F1="1.021944" intensity="2.084888e-003" type="0"/>
    <Peak1D F1="0.991884" intensity="2.004856e-003" type="0"/>
    <Peak1D F1="0.971663" intensity="1.801541e-003" type="0"/>
    <Peak1D F1="0.944938" intensity="1.498081e-003" type="0"/>
    <Peak1D F1="0.937000" intensity="1.424958e-003" type="0"/>
    <Peak1D F1="0.931672" intensity="1.191908e-003" type="0"/>
    <Peak1D F1="0.916681" intensity="1.235434e-003" type="0"/>
    <Peak1D F1="0.902401" intensity="1.261514e-003" type="0"/>
    <Peak1D F1="0.890037" intensity="1.268335e-003" type="0"/>
    <Peak1D F1="0.869736" intensity="1.323182e-003" type="0"/>
    <Peak1D F1="0.846341" intensity="1.526604e-003" type="0"/>
    <Peak1D F1="0.813089" intensity="5.831141e-003" type="0"/>
    <Peak1D F1="0.796993" intensity="1.208638e-002" type="0"/>
    <Peak1D F1="0.779738" intensity="7.323602e-003" type="0"/>
    <Peak1D F1="0.754869" intensity="2.981807e-003" type="0"/>
    <Peak1D F1="0.702492" intensity="1.585298e-003" type="0"/>
    <Peak1D F1="0.642847" intensity="1.325152e-003" type="0"/>
    <Peak1D F1="0.607271" intensity="1.559408e-003" type="0"/>
    <Peak1D F1="0.581748" intensity="1.075631e-003" type="0"/>
    <Peak1D F1="0.517028" intensity="1.326866e-003" type="0"/>
    <Peak1D F1="0.440247" intensity="1.109216e-003" type="0"/>
    <Peak1D F1="0.418380" intensity="1.332173e-003" type="0"/>
    <Peak1D F1="0.395606" intensity="1.301970e-003" type="0"/>
    <Peak1D F1="0.189308" intensity="1.046162e-003" type="0"/>
    <Peak1D F1="0.167955" intensity="1.261094e-003" type="0"/>
    <Peak1D F1="0.049780" intensity="1.048413e-003" type="0"/>
    <Peak1D F1="0.018192" intensity="1.234948e-003" type="0"/>
    <Peak1D F1="-0.000152" intensity="3.567468e-002" type="0"/>
    <Peak1D F1="-0.051109" intensity="1.151782e-003" type="0"/>
    <Peak1D F1="-0.100632" intensity="1.052482e-003" type="0"/>
    <Peak1D F1="-3.163170" intensity="1.065885e-003" type="0"/>
    <Peak1D F1="-3.901283" intensity="1.059095e-003" type="0"/>
  </PeakList1D>
</PeakList>
