<?xml version="1.0" encoding="UTF-8"?>
<PeakList>
  <PeakList1D>
    <PeakList1DHeader creator="nmr" date="2021-12-20T14:51:46.400+02:00" expNo="2" name="AM-o-F-13C" owner="" procNo="1" source="//132.72.8.180/400b/Milo/Milo">
      <PeakPickDetails>F1=219.481201ppm, F2=-19.481190ppm, MI=0.00cm, MAXI=10000.00cm, PC=1.400
      </PeakPickDetails>
    </PeakList1DHeader>
    <Peak1D F1="163.132248" intensity="1.841648e+000" type="0"/>
    <Peak1D F1="162.363770" intensity="3.885651e+000" type="0"/>
    <Peak1D F1="156.371170" intensity="4.066424e-001" type="0"/>
    <Peak1D F1="153.902206" intensity="4.171465e-001" type="0"/>
    <Peak1D F1="143.042145" intensity="2.448744e+000" type="0"/>
    <Peak1D F1="139.279022" intensity="1.506220e+000" type="0"/>
    <Peak1D F1="131.524429" intensity="4.424132e-001" type="0"/>
    <Peak1D F1="131.258911" intensity="6.664565e+000" type="0"/>
    <Peak1D F1="129.400284" intensity="1.488336e+001" type="0"/>
    <Peak1D F1="127.628822" intensity="1.213541e+000" type="0"/>
    <Peak1D F1="126.598549" intensity="1.500000e+001" type="0"/>
    <Peak1D F1="126.526428" intensity="2.045341e+000" type="0"/>
    <Peak1D F1="126.468872" intensity="1.216353e+000" type="0"/>
    <Peak1D F1="126.411034" intensity="1.898656e+000" type="0"/>
    <Peak1D F1="126.278244" intensity="9.173378e-001" type="0"/>
    <Peak1D F1="125.006203" intensity="1.158546e+000" type="0"/>
    <Peak1D F1="124.476509" intensity="3.792648e+000" type="0"/>
    <Peak1D F1="124.437027" intensity="3.378501e+000" type="0"/>
    <Peak1D F1="116.265213" intensity="1.662391e+000" type="0"/>
    <Peak1D F1="116.071800" intensity="1.603868e+000" type="0"/>
    <Peak1D F1="113.619156" intensity="1.288627e+001" type="0"/>
    <Peak1D F1="77.389091" intensity="1.915878e+001" type="0"/>
    <Peak1D F1="77.273094" intensity="1.910309e+000" type="0"/>
    <Peak1D F1="77.070892" intensity="1.924044e+001" type="0"/>
    <Peak1D F1="76.753654" intensity="1.901281e+001" type="0"/>
    <Peak1D F1="55.386444" intensity="7.409279e+000" type="0"/>
    <Peak1D F1="39.874397" intensity="2.368552e-001" type="0"/>
    <Peak1D F1="21.565989" intensity="6.717374e+000" type="0"/>
  </PeakList1D>
</PeakList>
