<?xml version="1.0" encoding="UTF-8"?>
<PeakList>
  <PeakList1D>
    <PeakList1DHeader creator="nmr" date="2021-10-28T04:28:52.735+03:00" expNo="5" name="AM-160-2-Cl-13C" owner="" procNo="1" source="//132.72.8.180/400b/Milo/Milo">
      <PeakPickDetails>F1=219.481201ppm, F2=-19.481190ppm, MI=0.00cm, MAXI=10000.00cm, PC=1.400
      </PeakPickDetails>
    </PeakList1DHeader>
    <Peak1D F1="161.794479" intensity="9.929767e-001" type="0"/>
    <Peak1D F1="143.335083" intensity="1.757738e+000" type="0"/>
    <Peak1D F1="142.360626" intensity="3.169266e-001" type="0"/>
    <Peak1D F1="138.682495" intensity="1.461378e+000" type="0"/>
    <Peak1D F1="136.922623" intensity="2.035969e+000" type="0"/>
    <Peak1D F1="133.879913" intensity="1.676193e+000" type="0"/>
    <Peak1D F1="132.959167" intensity="5.989135e-001" type="0"/>
    <Peak1D F1="131.732819" intensity="1.753345e+000" type="0"/>
    <Peak1D F1="131.605270" intensity="6.260054e-001" type="0"/>
    <Peak1D F1="131.098862" intensity="4.025476e+000" type="0"/>
    <Peak1D F1="129.947815" intensity="3.996093e+000" type="0"/>
    <Peak1D F1="129.808273" intensity="4.610155e+000" type="0"/>
    <Peak1D F1="129.581421" intensity="1.500000e+001" type="0"/>
    <Peak1D F1="129.406433" intensity="8.460541e+000" type="0"/>
    <Peak1D F1="129.051117" intensity="1.291212e+000" type="0"/>
    <Peak1D F1="126.738213" intensity="9.119273e+000" type="0"/>
    <Peak1D F1="126.697365" intensity="4.542305e+000" type="0"/>
    <Peak1D F1="124.561577" intensity="8.223668e+000" type="0"/>
    <Peak1D F1="121.565994" intensity="1.144098e+000" type="0"/>
    <Peak1D F1="77.354378" intensity="3.860345e+001" type="0"/>
    <Peak1D F1="77.240845" intensity="2.086212e+000" type="0"/>
    <Peak1D F1="77.037338" intensity="3.913569e+001" type="0"/>
    <Peak1D F1="76.719215" intensity="3.898387e+001" type="0"/>
    <Peak1D F1="21.601055" intensity="3.716136e+000" type="0"/>
    <Peak1D F1="21.508245" intensity="5.708793e-001" type="0"/>
    <Peak1D F1="20.923559" intensity="4.095817e+000" type="0"/>
    <Peak1D F1="15.286117" intensity="3.937110e-001" type="0"/>
  </PeakList1D>
</PeakList>
