<?xml version="1.0" encoding="UTF-8"?>
<PeakList>
  <PeakList1D>
    <PeakList1DHeader creator="nmr" date="2021-11-01T15:43:40.655+02:00" expNo="2" name="AM-Imine-13C" owner="" procNo="1" source="//132.72.8.180/400b/Milo/Milo">
      <PeakPickDetails>F1=219.481201ppm, F2=-19.481190ppm, MI=0.00cm, MAXI=10000.00cm, PC=1.400
      </PeakPickDetails>
    </PeakList1DHeader>
    <Peak1D F1="196.786713" intensity="2.458254e-001" type="0"/>
    <Peak1D F1="164.542953" intensity="2.876378e+000" type="0"/>
    <Peak1D F1="163.508087" intensity="3.362812e-001" type="0"/>
    <Peak1D F1="161.459412" intensity="3.004010e+000" type="0"/>
    <Peak1D F1="149.299301" intensity="2.801159e+000" type="0"/>
    <Peak1D F1="143.866043" intensity="1.967985e-001" type="0"/>
    <Peak1D F1="132.424576" intensity="2.733592e+000" type="0"/>
    <Peak1D F1="132.353394" intensity="3.967535e+000" type="0"/>
    <Peak1D F1="130.617661" intensity="2.013617e+000" type="0"/>
    <Peak1D F1="130.527359" intensity="1.770813e-001" type="0"/>
    <Peak1D F1="130.383026" intensity="3.248551e-001" type="0"/>
    <Peak1D F1="129.959045" intensity="1.337394e-001" type="0"/>
    <Peak1D F1="129.764420" intensity="1.285602e+000" type="0"/>
    <Peak1D F1="129.487503" intensity="1.500000e+001" type="0"/>
    <Peak1D F1="129.318954" intensity="2.938295e-001" type="0"/>
    <Peak1D F1="129.137360" intensity="2.655582e-001" type="0"/>
    <Peak1D F1="129.062851" intensity="2.738737e-001" type="0"/>
    <Peak1D F1="128.793961" intensity="1.438715e+001" type="0"/>
    <Peak1D F1="128.254547" intensity="1.508667e-001" type="0"/>
    <Peak1D F1="127.856178" intensity="1.152237e-001" type="0"/>
    <Peak1D F1="127.747787" intensity="1.282631e-001" type="0"/>
    <Peak1D F1="127.037918" intensity="1.906070e-001" type="0"/>
    <Peak1D F1="121.918800" intensity="1.019990e-001" type="0"/>
    <Peak1D F1="120.944458" intensity="1.256589e-001" type="0"/>
    <Peak1D F1="120.773865" intensity="1.438081e-001" type="0"/>
    <Peak1D F1="119.596436" intensity="1.304595e+001" type="0"/>
    <Peak1D F1="115.259514" intensity="9.977452e-001" type="0"/>
    <Peak1D F1="113.947868" intensity="2.240944e-001" type="0"/>
    <Peak1D F1="113.706322" intensity="2.140860e+000" type="0"/>
    <Peak1D F1="113.589264" intensity="1.461429e+001" type="0"/>
    <Peak1D F1="113.318878" intensity="1.890501e-001" type="0"/>
    <Peak1D F1="77.390030" intensity="1.033502e+001" type="0"/>
    <Peak1D F1="77.275139" intensity="5.776516e-001" type="0"/>
    <Peak1D F1="77.072502" intensity="1.033256e+001" type="0"/>
    <Peak1D F1="76.754776" intensity="1.042481e+001" type="0"/>
    <Peak1D F1="55.481960" intensity="1.066231e+000" type="0"/>
    <Peak1D F1="55.392853" intensity="6.444810e+000" type="0"/>
    <Peak1D F1="26.364260" intensity="8.856293e-001" type="0"/>
    <Peak1D F1="20.880175" intensity="6.079225e+000" type="0"/>
    <Peak1D F1="20.472916" intensity="2.885746e-001" type="0"/>
    <Peak1D F1="17.102531" intensity="6.918634e+000" type="0"/>
  </PeakList1D>
</PeakList>
