<?xml version="1.0" encoding="UTF-8"?>
<PeakList>
  <PeakList1D>
    <PeakList1DHeader creator="nmr" date="2021-10-25T14:01:08.949+03:00" expNo="6" name="AM-150-3,5-diF" owner="" procNo="1" source="//132.72.8.180/400b/Milo/Milo">
      <PeakPickDetails>F1=16.095369ppm, F2=-3.933676ppm, MI=0.00cm, MAXI=10000.00cm, PC=1.000
      </PeakPickDetails>
    </PeakList1DHeader>
    <Peak1D F1="13.471257" intensity="2.720582e-002" type="0"/>
    <Peak1D F1="12.391585" intensity="2.688741e-002" type="0"/>
    <Peak1D F1="10.312490" intensity="2.527150e-002" type="0"/>
    <Peak1D F1="10.193722" intensity="2.849402e-002" type="0"/>
    <Peak1D F1="10.171728" intensity="2.961299e-002" type="0"/>
    <Peak1D F1="10.153088" intensity="3.647230e-002" type="0"/>
    <Peak1D F1="9.976258" intensity="1.413026e-001" type="0"/>
    <Peak1D F1="9.837082" intensity="5.484420e-002" type="0"/>
    <Peak1D F1="8.038453" intensity="2.732921e-002" type="0"/>
    <Peak1D F1="7.957438" intensity="2.582022e-002" type="0"/>
    <Peak1D F1="7.916095" intensity="3.678784e-002" type="0"/>
    <Peak1D F1="7.890975" intensity="8.381443e-002" type="0"/>
    <Peak1D F1="7.868761" intensity="1.248418e-001" type="0"/>
    <Peak1D F1="7.839634" intensity="2.784065e+000" type="0"/>
    <Peak1D F1="7.819339" intensity="2.945005e+000" type="0"/>
    <Peak1D F1="7.779122" intensity="9.171558e-002" type="0"/>
    <Peak1D F1="7.768230" intensity="7.647951e-002" type="0"/>
    <Peak1D F1="7.758155" intensity="7.898169e-002" type="0"/>
    <Peak1D F1="7.608200" intensity="2.556373e-002" type="0"/>
    <Peak1D F1="7.581589" intensity="2.434914e-002" type="0"/>
    <Peak1D F1="7.449080" intensity="1.873027e-001" type="0"/>
    <Peak1D F1="7.388818" intensity="3.485568e-002" type="0"/>
    <Peak1D F1="7.383413" intensity="2.845047e-002" type="0"/>
    <Peak1D F1="7.311719" intensity="9.992738e-002" type="0"/>
    <Peak1D F1="7.291829" intensity="1.504713e-001" type="0"/>
    <Peak1D F1="7.261189" intensity="3.741719e+000" type="0"/>
    <Peak1D F1="7.240622" intensity="3.961565e+000" type="0"/>
    <Peak1D F1="7.190379" intensity="3.250131e+001" type="0"/>
    <Peak1D F1="7.140471" intensity="4.736230e-001" type="0"/>
    <Peak1D F1="7.118792" intensity="5.352591e-002" type="0"/>
    <Peak1D F1="7.103160" intensity="6.026446e-002" type="0"/>
    <Peak1D F1="7.083598" intensity="5.502895e-002" type="0"/>
    <Peak1D F1="7.036582" intensity="1.107578e-001" type="0"/>
    <Peak1D F1="7.014500" intensity="1.271410e-001" type="0"/>
    <Peak1D F1="6.985313" intensity="3.137658e+000" type="0"/>
    <Peak1D F1="6.964915" intensity="3.684307e+000" type="0"/>
    <Peak1D F1="6.934339" intensity="1.408897e-001" type="0"/>
    <Peak1D F1="6.926409" intensity="2.507054e-001" type="0"/>
    <Peak1D F1="6.915631" intensity="1.374861e-001" type="0"/>
    <Peak1D F1="6.834289" intensity="1.728867e+000" type="0"/>
    <Peak1D F1="6.821414" intensity="1.701936e+000" type="0"/>
    <Peak1D F1="6.744811" intensity="1.250102e+000" type="0"/>
    <Peak1D F1="6.724387" intensity="1.978314e+000" type="0"/>
    <Peak1D F1="6.597797" intensity="4.601184e-002" type="0"/>
    <Peak1D F1="6.587765" intensity="5.322230e-002" type="0"/>
    <Peak1D F1="6.547405" intensity="3.952850e-002" type="0"/>
    <Peak1D F1="6.521428" intensity="3.673505e-002" type="0"/>
    <Peak1D F1="6.339293" intensity="2.923615e-002" type="0"/>
    <Peak1D F1="6.321841" intensity="3.029085e-002" type="0"/>
    <Peak1D F1="5.306142" intensity="2.768355e-002" type="0"/>
    <Peak1D F1="5.289210" intensity="5.080470e-002" type="0"/>
    <Peak1D F1="5.274661" intensity="7.504921e-002" type="0"/>
    <Peak1D F1="3.655603" intensity="2.590892e-002" type="0"/>
    <Peak1D F1="3.439951" intensity="7.396584e-002" type="0"/>
    <Peak1D F1="3.418751" intensity="5.397694e-002" type="0"/>
    <Peak1D F1="3.401643" intensity="5.700713e-002" type="0"/>
    <Peak1D F1="3.382246" intensity="3.314017e-002" type="0"/>
    <Peak1D F1="2.521882" intensity="9.070644e-002" type="0"/>
    <Peak1D F1="2.500676" intensity="3.384648e-002" type="0"/>
    <Peak1D F1="2.482985" intensity="3.220617e-002" type="0"/>
    <Peak1D F1="2.461355" intensity="3.859490e-002" type="0"/>
    <Peak1D F1="2.414766" intensity="2.952434e-001" type="0"/>
    <Peak1D F1="2.364937" intensity="1.500000e+001" type="0"/>
    <Peak1D F1="2.315389" intensity="2.720121e-001" type="0"/>
    <Peak1D F1="2.279004" intensity="2.734035e-001" type="0"/>
    <Peak1D F1="2.229045" intensity="1.412604e+001" type="0"/>
    <Peak1D F1="2.204536" intensity="1.611781e-001" type="0"/>
    <Peak1D F1="2.179261" intensity="2.267714e-001" type="0"/>
    <Peak1D F1="2.169376" intensity="1.245660e-001" type="0"/>
    <Peak1D F1="2.149960" intensity="1.549027e-001" type="0"/>
    <Peak1D F1="2.130277" intensity="1.155091e-001" type="0"/>
    <Peak1D F1="2.118147" intensity="4.379236e-002" type="0"/>
    <Peak1D F1="2.101499" intensity="2.635718e+000" type="0"/>
    <Peak1D F1="2.069986" intensity="6.981082e-002" type="0"/>
    <Peak1D F1="2.051766" intensity="3.069883e-002" type="0"/>
    <Peak1D F1="1.969443" intensity="4.397769e-002" type="0"/>
    <Peak1D F1="1.948470" intensity="7.903582e-002" type="0"/>
    <Peak1D F1="1.935550" intensity="7.058553e-002" type="0"/>
    <Peak1D F1="1.569046" intensity="6.775278e-002" type="0"/>
    <Peak1D F1="1.549619" intensity="5.583146e-002" type="0"/>
    <Peak1D F1="1.518967" intensity="1.898936e-001" type="0"/>
    <Peak1D F1="1.469035" intensity="1.039360e+001" type="0"/>
    <Peak1D F1="1.419317" intensity="1.536760e-001" type="0"/>
    <Peak1D F1="1.289447" intensity="6.636097e-002" type="0"/>
    <Peak1D F1="1.270943" intensity="1.110739e-001" type="0"/>
    <Peak1D F1="1.243486" intensity="2.933015e-001" type="0"/>
    <Peak1D F1="1.197742" intensity="3.411722e-001" type="0"/>
    <Peak1D F1="1.186145" intensity="3.714540e-001" type="0"/>
    <Peak1D F1="1.156332" intensity="7.339931e-002" type="0"/>
    <Peak1D F1="1.139075" intensity="1.002145e-001" type="0"/>
    <Peak1D F1="1.122825" intensity="4.626072e-002" type="0"/>
    <Peak1D F1="1.061539" intensity="2.642269e-002" type="0"/>
    <Peak1D F1="0.828004" intensity="1.018897e-001" type="0"/>
    <Peak1D F1="0.811559" intensity="1.956761e-001" type="0"/>
    <Peak1D F1="0.794298" intensity="1.007710e-001" type="0"/>
    <Peak1D F1="0.553838" intensity="2.598596e-002" type="0"/>
    <Peak1D F1="0.327157" intensity="2.424483e-002" type="0"/>
    <Peak1D F1="0.293511" intensity="2.481839e-002" type="0"/>
    <Peak1D F1="0.145722" intensity="2.524188e-002" type="0"/>
    <Peak1D F1="0.050199" intensity="4.107649e-002" type="0"/>
    <Peak1D F1="-0.000153" intensity="1.658233e+000" type="0"/>
    <Peak1D F1="-0.049152" intensity="2.869669e-002" type="0"/>
    <Peak1D F1="-3.541495" intensity="2.641505e-002" type="0"/>
    <Peak1D F1="-3.624374" intensity="2.446490e-002" type="0"/>
    <Peak1D F1="-3.818888" intensity="2.776713e-002" type="0"/>
  </PeakList1D>
</PeakList>
