<?xml version="1.0" encoding="UTF-8"?>
<PeakList>
  <PeakList1D>
    <PeakList1DHeader creator="nmr" date="2021-05-30T23:42:32.426+03:00" expNo="6" name="AM-016-C-ACRC-F__13C" owner="" procNo="1" source="//132.72.8.180/400b/Milo/Milo">
      <PeakPickDetails>F1=219.481201ppm, F2=-19.481190ppm, MI=0.00cm, MAXI=10000.00cm, PC=1.400
      </PeakPickDetails>
    </PeakList1DHeader>
    <Peak1D F1="166.096848" intensity="1.171295e+000" type="0"/>
    <Peak1D F1="163.577072" intensity="1.198535e+000" type="0"/>
    <Peak1D F1="162.963593" intensity="2.824922e+000" type="0"/>
    <Peak1D F1="162.259399" intensity="5.719899e+000" type="0"/>
    <Peak1D F1="138.601257" intensity="9.170592e-001" type="0"/>
    <Peak1D F1="136.240158" intensity="2.896027e+000" type="0"/>
    <Peak1D F1="135.446259" intensity="3.729350e+000" type="0"/>
    <Peak1D F1="131.764420" intensity="2.758789e+000" type="0"/>
    <Peak1D F1="129.821030" intensity="1.355155e+001" type="0"/>
    <Peak1D F1="129.501862" intensity="2.424556e-001" type="0"/>
    <Peak1D F1="129.275436" intensity="6.271225e-001" type="0"/>
    <Peak1D F1="129.224182" intensity="9.611861e+000" type="0"/>
    <Peak1D F1="129.131134" intensity="9.465431e+000" type="0"/>
    <Peak1D F1="124.824974" intensity="6.921915e-001" type="0"/>
    <Peak1D F1="124.158913" intensity="1.543489e+000" type="0"/>
    <Peak1D F1="116.287193" intensity="4.495670e-001" type="0"/>
    <Peak1D F1="116.011337" intensity="7.055798e+000" type="0"/>
    <Peak1D F1="115.787354" intensity="6.721513e+000" type="0"/>
    <Peak1D F1="113.576515" intensity="1.500000e+001" type="0"/>
    <Peak1D F1="77.397850" intensity="1.764297e+001" type="0"/>
    <Peak1D F1="77.282135" intensity="9.461859e-001" type="0"/>
    <Peak1D F1="77.080467" intensity="1.779030e+001" type="0"/>
    <Peak1D F1="76.762283" intensity="1.779893e+001" type="0"/>
    <Peak1D F1="55.372971" intensity="1.002514e+001" type="0"/>
    <Peak1D F1="20.928131" intensity="7.992291e+000" type="0"/>
  </PeakList1D>
</PeakList>
