<?xml version="1.0" encoding="UTF-8"?>
<PeakList>
  <PeakList1D>
    <PeakList1DHeader creator="nmr" date="2021-12-05T15:13:58.778+02:00" expNo="2" name="AM-165-2-Me-13C" owner="" procNo="1" source="\\132.72.8.180\400b\Milo\Milo">
      <PeakPickDetails>F1=219.481201ppm, F2=-19.481190ppm, MI=0.00cm, MAXI=10000.00cm, PC=1.400
      </PeakPickDetails>
    </PeakList1DHeader>
    <Peak1D F1="164.101578" intensity="1.152958e+000" type="0"/>
    <Peak1D F1="162.726288" intensity="3.571831e-001" type="0"/>
    <Peak1D F1="143.258499" intensity="2.241314e+000" type="0"/>
    <Peak1D F1="142.153152" intensity="3.163267e-001" type="0"/>
    <Peak1D F1="140.031494" intensity="3.355916e-001" type="0"/>
    <Peak1D F1="138.989487" intensity="2.001532e+000" type="0"/>
    <Peak1D F1="136.322556" intensity="2.635092e+000" type="0"/>
    <Peak1D F1="135.611832" intensity="2.507454e+000" type="0"/>
    <Peak1D F1="135.510559" intensity="5.626835e-001" type="0"/>
    <Peak1D F1="135.331085" intensity="4.428028e-001" type="0"/>
    <Peak1D F1="134.876038" intensity="4.777185e-001" type="0"/>
    <Peak1D F1="134.280701" intensity="2.637666e+000" type="0"/>
    <Peak1D F1="133.037933" intensity="1.131102e+000" type="0"/>
    <Peak1D F1="130.594070" intensity="4.666686e+000" type="0"/>
    <Peak1D F1="130.174438" intensity="2.037198e+000" type="0"/>
    <Peak1D F1="130.101181" intensity="5.239889e+000" type="0"/>
    <Peak1D F1="129.581406" intensity="1.500000e+001" type="0"/>
    <Peak1D F1="129.458344" intensity="9.916048e+000" type="0"/>
    <Peak1D F1="128.979004" intensity="1.767672e+000" type="0"/>
    <Peak1D F1="128.491547" intensity="4.736078e+000" type="0"/>
    <Peak1D F1="127.536499" intensity="8.289737e-001" type="0"/>
    <Peak1D F1="126.803741" intensity="1.852891e+000" type="0"/>
    <Peak1D F1="126.629654" intensity="9.933444e+000" type="0"/>
    <Peak1D F1="126.345535" intensity="3.515382e-001" type="0"/>
    <Peak1D F1="125.736969" intensity="4.649850e+000" type="0"/>
    <Peak1D F1="125.380722" intensity="8.577940e-001" type="0"/>
    <Peak1D F1="123.756378" intensity="9.842611e+000" type="0"/>
    <Peak1D F1="121.437241" intensity="1.829638e+000" type="0"/>
    <Peak1D F1="77.399910" intensity="2.355874e+001" type="0"/>
    <Peak1D F1="77.284767" intensity="1.761174e+000" type="0"/>
    <Peak1D F1="77.082314" intensity="2.477259e+001" type="0"/>
    <Peak1D F1="76.764008" intensity="2.403072e+001" type="0"/>
    <Peak1D F1="65.863335" intensity="2.700998e-001" type="0"/>
    <Peak1D F1="21.588749" intensity="4.399402e+000" type="0"/>
    <Peak1D F1="20.868793" intensity="4.522468e+000" type="0"/>
    <Peak1D F1="19.405483" intensity="8.518517e-001" type="0"/>
    <Peak1D F1="19.253536" intensity="4.726814e+000" type="0"/>
    <Peak1D F1="15.295176" intensity="2.547626e-001" type="0"/>
  </PeakList1D>
</PeakList>
