<?xml version="1.0" encoding="UTF-8"?>
<PeakList>
  <PeakList1D>
    <PeakList1DHeader creator="nmr" date="2021-09-27T15:18:37.732+03:00" expNo="4" name="AM-130-Enamine-1" owner="" procNo="1" source="\\132.72.8.180\400b\Milo\Milo">
      <PeakPickDetails>F1=16.077980ppm, F2=-3.951065ppm, MI=0.00cm, MAXI=10000.00cm, PC=1.000
      </PeakPickDetails>
    </PeakList1DHeader>
    <Peak1D F1="9.717993" intensity="3.433618e-003" type="0"/>
    <Peak1D F1="9.710766" intensity="3.063158e-003" type="0"/>
    <Peak1D F1="9.626561" intensity="1.644643e-003" type="0"/>
    <Peak1D F1="9.419260" intensity="1.669105e-003" type="0"/>
    <Peak1D F1="9.411777" intensity="1.428862e-003" type="0"/>
    <Peak1D F1="8.505356" intensity="1.529882e-003" type="0"/>
    <Peak1D F1="8.483978" intensity="1.354402e-003" type="0"/>
    <Peak1D F1="8.095650" intensity="2.152948e-003" type="0"/>
    <Peak1D F1="8.077031" intensity="2.451952e-003" type="0"/>
    <Peak1D F1="8.060616" intensity="1.374588e-003" type="0"/>
    <Peak1D F1="8.026221" intensity="1.290829e-003" type="0"/>
    <Peak1D F1="8.013571" intensity="2.016902e-003" type="0"/>
    <Peak1D F1="7.976231" intensity="6.906561e-003" type="0"/>
    <Peak1D F1="7.946174" intensity="1.389093e-002" type="0"/>
    <Peak1D F1="7.931937" intensity="8.921642e-002" type="0"/>
    <Peak1D F1="7.919518" intensity="4.105625e-002" type="0"/>
    <Peak1D F1="7.914279" intensity="9.942140e-002" type="0"/>
    <Peak1D F1="7.910801" intensity="7.930265e-002" type="0"/>
    <Peak1D F1="7.903786" intensity="6.479689e-002" type="0"/>
    <Peak1D F1="7.899147" intensity="2.980936e-001" type="0"/>
    <Peak1D F1="7.897657" intensity="3.481919e-001" type="0"/>
    <Peak1D F1="7.896116" intensity="4.053764e-001" type="0"/>
    <Peak1D F1="7.894606" intensity="2.861614e-001" type="0"/>
    <Peak1D F1="7.883478" intensity="1.196587e-001" type="0"/>
    <Peak1D F1="7.878313" intensity="4.510978e-001" type="0"/>
    <Peak1D F1="7.874934" intensity="3.531691e-001" type="0"/>
    <Peak1D F1="7.846214" intensity="1.005548e-002" type="0"/>
    <Peak1D F1="7.828454" intensity="9.901085e-003" type="0"/>
    <Peak1D F1="7.809136" intensity="3.647672e-003" type="0"/>
    <Peak1D F1="7.798400" intensity="2.856492e-003" type="0"/>
    <Peak1D F1="7.768893" intensity="1.132795e-002" type="0"/>
    <Peak1D F1="7.758192" intensity="1.091808e-002" type="0"/>
    <Peak1D F1="7.755358" intensity="1.147870e-002" type="0"/>
    <Peak1D F1="7.749799" intensity="1.222008e-002" type="0"/>
    <Peak1D F1="7.727450" intensity="1.918272e-002" type="0"/>
    <Peak1D F1="7.710159" intensity="2.240012e-002" type="0"/>
    <Peak1D F1="7.706927" intensity="2.430872e-002" type="0"/>
    <Peak1D F1="7.694407" intensity="9.858463e-002" type="0"/>
    <Peak1D F1="7.692475" intensity="8.855791e-002" type="0"/>
    <Peak1D F1="7.688910" intensity="7.650546e-002" type="0"/>
    <Peak1D F1="7.685073" intensity="1.268403e-001" type="0"/>
    <Peak1D F1="7.681972" intensity="1.035963e-001" type="0"/>
    <Peak1D F1="7.676012" intensity="1.102571e-001" type="0"/>
    <Peak1D F1="7.674183" intensity="1.118031e-001" type="0"/>
    <Peak1D F1="7.670067" intensity="1.129351e-001" type="0"/>
    <Peak1D F1="7.638194" intensity="9.860383e-003" type="0"/>
    <Peak1D F1="7.620388" intensity="9.799195e-003" type="0"/>
    <Peak1D F1="7.603800" intensity="1.465285e-002" type="0"/>
    <Peak1D F1="7.585686" intensity="1.760059e-002" type="0"/>
    <Peak1D F1="7.560294" intensity="1.800338e-002" type="0"/>
    <Peak1D F1="7.553281" intensity="1.920276e-002" type="0"/>
    <Peak1D F1="7.547241" intensity="2.012677e-002" type="0"/>
    <Peak1D F1="7.540322" intensity="2.463229e-002" type="0"/>
    <Peak1D F1="7.509783" intensity="1.212820e-001" type="0"/>
    <Peak1D F1="7.506254" intensity="1.562210e-001" type="0"/>
    <Peak1D F1="7.503300" intensity="1.256373e-001" type="0"/>
    <Peak1D F1="7.493073" intensity="1.526065e-001" type="0"/>
    <Peak1D F1="7.487852" intensity="3.157646e-001" type="0"/>
    <Peak1D F1="7.483064" intensity="1.197163e-001" type="0"/>
    <Peak1D F1="7.472825" intensity="1.715037e-001" type="0"/>
    <Peak1D F1="7.469538" intensity="2.410810e-001" type="0"/>
    <Peak1D F1="7.466196" intensity="1.336873e-001" type="0"/>
    <Peak1D F1="7.460666" intensity="6.539585e-002" type="0"/>
    <Peak1D F1="7.457332" intensity="8.904701e-002" type="0"/>
    <Peak1D F1="7.453860" intensity="7.637315e-002" type="0"/>
    <Peak1D F1="7.444421" intensity="6.000940e-002" type="0"/>
    <Peak1D F1="7.437376" intensity="5.252882e-002" type="0"/>
    <Peak1D F1="7.426359" intensity="9.475464e-002" type="0"/>
    <Peak1D F1="7.422997" intensity="9.340052e-002" type="0"/>
    <Peak1D F1="7.416499" intensity="1.616381e-001" type="0"/>
    <Peak1D F1="7.411023" intensity="1.677141e-001" type="0"/>
    <Peak1D F1="7.406468" intensity="4.344484e-001" type="0"/>
    <Peak1D F1="7.402749" intensity="2.645060e-001" type="0"/>
    <Peak1D F1="7.397322" intensity="2.314802e-001" type="0"/>
    <Peak1D F1="7.390173" intensity="3.506358e-001" type="0"/>
    <Peak1D F1="7.386950" intensity="5.651419e-001" type="0"/>
    <Peak1D F1="7.380104" intensity="1.879026e-001" type="0"/>
    <Peak1D F1="7.367589" intensity="1.894065e+000" type="0"/>
    <Peak1D F1="7.366340" intensity="1.787367e+000" type="0"/>
    <Peak1D F1="7.365360" intensity="1.695552e+000" type="0"/>
    <Peak1D F1="7.362779" intensity="1.869910e+000" type="0"/>
    <Peak1D F1="7.361022" intensity="1.957969e+000" type="0"/>
    <Peak1D F1="7.358009" intensity="1.150696e+000" type="0"/>
    <Peak1D F1="7.353179" intensity="1.004318e+000" type="0"/>
    <Peak1D F1="7.350535" intensity="1.453765e+000" type="0"/>
    <Peak1D F1="7.349034" intensity="1.845562e+000" type="0"/>
    <Peak1D F1="7.347441" intensity="2.817005e+000" type="0"/>
    <Peak1D F1="7.345172" intensity="2.342222e+000" type="0"/>
    <Peak1D F1="7.343618" intensity="2.856483e+000" type="0"/>
    <Peak1D F1="7.336765" intensity="5.264266e-001" type="0"/>
    <Peak1D F1="7.331394" intensity="2.785155e-001" type="0"/>
    <Peak1D F1="7.328402" intensity="3.096716e-001" type="0"/>
    <Peak1D F1="7.326418" intensity="3.058067e-001" type="0"/>
    <Peak1D F1="7.324202" intensity="3.332126e-001" type="0"/>
    <Peak1D F1="7.321043" intensity="3.466024e-001" type="0"/>
    <Peak1D F1="7.312675" intensity="1.763354e-001" type="0"/>
    <Peak1D F1="7.307526" intensity="1.705793e-001" type="0"/>
    <Peak1D F1="7.301818" intensity="2.371492e-001" type="0"/>
    <Peak1D F1="7.296785" intensity="3.764746e-001" type="0"/>
    <Peak1D F1="7.295399" intensity="3.665727e-001" type="0"/>
    <Peak1D F1="7.291921" intensity="2.840193e-001" type="0"/>
    <Peak1D F1="7.287250" intensity="3.423881e-001" type="0"/>
    <Peak1D F1="7.286077" intensity="3.233517e-001" type="0"/>
    <Peak1D F1="7.284300" intensity="2.863654e-001" type="0"/>
    <Peak1D F1="7.280252" intensity="4.292334e-001" type="0"/>
    <Peak1D F1="7.263771" intensity="2.612955e-001" type="0"/>
    <Peak1D F1="7.253845" intensity="7.086090e-001" type="0"/>
    <Peak1D F1="7.250029" intensity="5.501040e-001" type="0"/>
    <Peak1D F1="7.246083" intensity="9.975016e-001" type="0"/>
    <Peak1D F1="7.242045" intensity="6.509316e-001" type="0"/>
    <Peak1D F1="7.239501" intensity="6.616694e-001" type="0"/>
    <Peak1D F1="7.233373" intensity="2.375210e+000" type="0"/>
    <Peak1D F1="7.231668" intensity="3.080076e+000" type="0"/>
    <Peak1D F1="7.228037" intensity="1.648178e+000" type="0"/>
    <Peak1D F1="7.223158" intensity="8.719912e-001" type="0"/>
    <Peak1D F1="7.218539" intensity="2.427038e+000" type="0"/>
    <Peak1D F1="7.216055" intensity="2.502625e+000" type="0"/>
    <Peak1D F1="7.213675" intensity="4.875868e+000" type="0"/>
    <Peak1D F1="7.209396" intensity="1.738542e+000" type="0"/>
    <Peak1D F1="7.207034" intensity="1.419469e+000" type="0"/>
    <Peak1D F1="7.199833" intensity="1.051100e+000" type="0"/>
    <Peak1D F1="7.197028" intensity="9.878702e-001" type="0"/>
    <Peak1D F1="7.191104" intensity="3.199494e-001" type="0"/>
    <Peak1D F1="7.184204" intensity="3.732938e-001" type="0"/>
    <Peak1D F1="7.182565" intensity="3.448755e-001" type="0"/>
    <Peak1D F1="7.180197" intensity="4.159137e-001" type="0"/>
    <Peak1D F1="7.173281" intensity="1.222041e+000" type="0"/>
    <Peak1D F1="7.161359" intensity="3.681595e-001" type="0"/>
    <Peak1D F1="7.146368" intensity="1.419115e-001" type="0"/>
    <Peak1D F1="7.142783" intensity="2.139980e-001" type="0"/>
    <Peak1D F1="7.141360" intensity="2.170240e-001" type="0"/>
    <Peak1D F1="7.128074" intensity="1.069434e-001" type="0"/>
    <Peak1D F1="7.124487" intensity="1.931794e-001" type="0"/>
    <Peak1D F1="7.120913" intensity="1.776946e-001" type="0"/>
    <Peak1D F1="7.113539" intensity="3.243030e-001" type="0"/>
    <Peak1D F1="7.105868" intensity="4.048713e-001" type="0"/>
    <Peak1D F1="7.098417" intensity="3.599552e-001" type="0"/>
    <Peak1D F1="7.089040" intensity="9.644152e-002" type="0"/>
    <Peak1D F1="7.077381" intensity="3.327085e-002" type="0"/>
    <Peak1D F1="7.059575" intensity="3.930689e-002" type="0"/>
    <Peak1D F1="7.055569" intensity="5.008502e-002" type="0"/>
    <Peak1D F1="7.043154" intensity="3.762496e-002" type="0"/>
    <Peak1D F1="7.038842" intensity="3.519790e-002" type="0"/>
    <Peak1D F1="7.035664" intensity="3.524398e-002" type="0"/>
    <Peak1D F1="7.031416" intensity="3.932219e-002" type="0"/>
    <Peak1D F1="7.027446" intensity="4.392017e-002" type="0"/>
    <Peak1D F1="7.012570" intensity="3.078855e-002" type="0"/>
    <Peak1D F1="7.006549" intensity="2.394667e-002" type="0"/>
    <Peak1D F1="6.999091" intensity="2.797714e-002" type="0"/>
    <Peak1D F1="6.995051" intensity="3.616317e-002" type="0"/>
    <Peak1D F1="6.993089" intensity="3.514635e-002" type="0"/>
    <Peak1D F1="6.981019" intensity="2.379671e-002" type="0"/>
    <Peak1D F1="6.977938" intensity="2.689105e-002" type="0"/>
    <Peak1D F1="6.958724" intensity="1.722173e-002" type="0"/>
    <Peak1D F1="6.948425" intensity="3.213250e-002" type="0"/>
    <Peak1D F1="6.936981" intensity="1.924036e-002" type="0"/>
    <Peak1D F1="6.931840" intensity="2.078774e-002" type="0"/>
    <Peak1D F1="6.916362" intensity="1.466004e-002" type="0"/>
    <Peak1D F1="6.909215" intensity="1.493144e-002" type="0"/>
    <Peak1D F1="6.896670" intensity="1.902823e-002" type="0"/>
    <Peak1D F1="6.891102" intensity="1.882822e-002" type="0"/>
    <Peak1D F1="6.880771" intensity="1.221598e-002" type="0"/>
    <Peak1D F1="6.876170" intensity="1.112823e-002" type="0"/>
    <Peak1D F1="6.872780" intensity="1.109493e-002" type="0"/>
    <Peak1D F1="6.825505" intensity="3.888197e-003" type="0"/>
    <Peak1D F1="6.769707" intensity="3.112558e-003" type="0"/>
    <Peak1D F1="6.757706" intensity="4.825509e-003" type="0"/>
    <Peak1D F1="6.750614" intensity="6.805496e-003" type="0"/>
    <Peak1D F1="6.734559" intensity="2.545550e-003" type="0"/>
    <Peak1D F1="6.701421" intensity="1.786831e-003" type="0"/>
    <Peak1D F1="6.663039" intensity="2.936742e-003" type="0"/>
    <Peak1D F1="6.640245" intensity="3.986334e-003" type="0"/>
    <Peak1D F1="6.611107" intensity="2.314992e-003" type="0"/>
    <Peak1D F1="6.570562" intensity="1.986635e-003" type="0"/>
    <Peak1D F1="6.507704" intensity="1.407143e-003" type="0"/>
    <Peak1D F1="6.443897" intensity="1.666352e-003" type="0"/>
    <Peak1D F1="6.404101" intensity="9.725641e-003" type="0"/>
    <Peak1D F1="6.393414" intensity="1.680131e-003" type="0"/>
    <Peak1D F1="6.287376" intensity="2.618409e-003" type="0"/>
    <Peak1D F1="6.260447" intensity="3.912696e-003" type="0"/>
    <Peak1D F1="6.238381" intensity="3.929549e-003" type="0"/>
    <Peak1D F1="6.219799" intensity="5.001668e-003" type="0"/>
    <Peak1D F1="6.199759" intensity="3.817674e-003" type="0"/>
    <Peak1D F1="6.172999" intensity="1.594289e-002" type="0"/>
    <Peak1D F1="6.169703" intensity="2.090871e-002" type="0"/>
    <Peak1D F1="6.151587" intensity="1.486084e-003" type="0"/>
    <Peak1D F1="6.135155" intensity="4.924443e-003" type="0"/>
    <Peak1D F1="6.083017" intensity="3.293464e-003" type="0"/>
    <Peak1D F1="6.063974" intensity="1.979792e-003" type="0"/>
    <Peak1D F1="6.042922" intensity="1.565785e-003" type="0"/>
    <Peak1D F1="6.025727" intensity="1.396875e-003" type="0"/>
    <Peak1D F1="6.001135" intensity="8.931384e-003" type="0"/>
    <Peak1D F1="5.999150" intensity="7.846720e-003" type="0"/>
    <Peak1D F1="5.973966" intensity="1.666091e-002" type="0"/>
    <Peak1D F1="5.959310" intensity="1.097475e-002" type="0"/>
    <Peak1D F1="5.957124" intensity="8.526587e-003" type="0"/>
    <Peak1D F1="5.948669" intensity="1.059017e-002" type="0"/>
    <Peak1D F1="5.946501" intensity="8.423576e-003" type="0"/>
    <Peak1D F1="5.932080" intensity="1.775140e-002" type="0"/>
    <Peak1D F1="5.906741" intensity="1.083606e-002" type="0"/>
    <Peak1D F1="5.904721" intensity="9.202816e-003" type="0"/>
    <Peak1D F1="5.883305" intensity="1.786568e-003" type="0"/>
    <Peak1D F1="5.796806" intensity="1.756756e-002" type="0"/>
    <Peak1D F1="5.716083" intensity="1.409453e-003" type="0"/>
    <Peak1D F1="5.688878" intensity="1.325199e-003" type="0"/>
    <Peak1D F1="5.668975" intensity="6.671526e-003" type="0"/>
    <Peak1D F1="5.650425" intensity="4.784096e-003" type="0"/>
    <Peak1D F1="5.643256" intensity="7.100717e-003" type="0"/>
    <Peak1D F1="5.539523" intensity="2.242404e-003" type="0"/>
    <Peak1D F1="5.516078" intensity="2.778382e-003" type="0"/>
    <Peak1D F1="5.474595" intensity="1.033384e-002" type="0"/>
    <Peak1D F1="5.469867" intensity="1.100431e-002" type="0"/>
    <Peak1D F1="5.389384" intensity="4.784692e-003" type="0"/>
    <Peak1D F1="5.380178" intensity="5.743653e-003" type="0"/>
    <Peak1D F1="5.364775" intensity="2.543736e-003" type="0"/>
    <Peak1D F1="5.344038" intensity="2.774380e-003" type="0"/>
    <Peak1D F1="5.316843" intensity="3.587958e-003" type="0"/>
    <Peak1D F1="5.301707" intensity="2.333198e-003" type="0"/>
    <Peak1D F1="5.290216" intensity="6.157058e-003" type="0"/>
    <Peak1D F1="5.270717" intensity="3.068386e-002" type="0"/>
    <Peak1D F1="5.243547" intensity="2.773803e-002" type="0"/>
    <Peak1D F1="5.224123" intensity="3.185877e-003" type="0"/>
    <Peak1D F1="5.187247" intensity="1.862140e-002" type="0"/>
    <Peak1D F1="5.130133" intensity="2.118246e-001" type="0"/>
    <Peak1D F1="5.093843" intensity="2.402646e-003" type="0"/>
    <Peak1D F1="5.089897" intensity="2.534857e-003" type="0"/>
    <Peak1D F1="5.079332" intensity="3.461810e-003" type="0"/>
    <Peak1D F1="5.058068" intensity="1.438553e-003" type="0"/>
    <Peak1D F1="4.999143" intensity="2.278905e-003" type="0"/>
    <Peak1D F1="4.987601" intensity="2.363667e-003" type="0"/>
    <Peak1D F1="4.972762" intensity="7.225978e-003" type="0"/>
    <Peak1D F1="4.955492" intensity="6.115659e-003" type="0"/>
    <Peak1D F1="4.946653" intensity="7.366928e-003" type="0"/>
    <Peak1D F1="4.928113" intensity="2.680136e-003" type="0"/>
    <Peak1D F1="4.916230" intensity="3.779697e-003" type="0"/>
    <Peak1D F1="4.900876" intensity="1.122308e-002" type="0"/>
    <Peak1D F1="4.869483" intensity="1.585341e-001" type="0"/>
    <Peak1D F1="4.866452" intensity="1.776980e-001" type="0"/>
    <Peak1D F1="4.818180" intensity="3.424013e-003" type="0"/>
    <Peak1D F1="4.804425" intensity="9.461355e-003" type="0"/>
    <Peak1D F1="4.788415" intensity="1.914489e-002" type="0"/>
    <Peak1D F1="4.784568" intensity="1.754976e-002" type="0"/>
    <Peak1D F1="4.782812" intensity="2.007752e-002" type="0"/>
    <Peak1D F1="4.746532" intensity="1.795805e-002" type="0"/>
    <Peak1D F1="4.742765" intensity="1.586316e-002" type="0"/>
    <Peak1D F1="4.740884" intensity="1.813750e-002" type="0"/>
    <Peak1D F1="4.659483" intensity="2.484259e-003" type="0"/>
    <Peak1D F1="4.614878" intensity="1.579526e-003" type="0"/>
    <Peak1D F1="4.530800" intensity="3.530061e-003" type="0"/>
    <Peak1D F1="4.470884" intensity="1.609250e-003" type="0"/>
    <Peak1D F1="4.429121" intensity="3.657078e-003" type="0"/>
    <Peak1D F1="4.405711" intensity="2.111397e-002" type="0"/>
    <Peak1D F1="4.402061" intensity="1.832829e-002" type="0"/>
    <Peak1D F1="4.400123" intensity="2.128294e-002" type="0"/>
    <Peak1D F1="4.384133" intensity="9.522116e-002" type="0"/>
    <Peak1D F1="4.380618" intensity="1.839205e-001" type="0"/>
    <Peak1D F1="4.377371" intensity="1.734874e-001" type="0"/>
    <Peak1D F1="4.338089" intensity="1.518128e-002" type="0"/>
    <Peak1D F1="4.313919" intensity="1.380841e-002" type="0"/>
    <Peak1D F1="4.270131" intensity="2.153406e-002" type="0"/>
    <Peak1D F1="4.247025" intensity="2.011178e-003" type="0"/>
    <Peak1D F1="4.199158" intensity="3.168769e-003" type="0"/>
    <Peak1D F1="4.175182" intensity="2.895883e-002" type="0"/>
    <Peak1D F1="4.150398" intensity="1.084713e-002" type="0"/>
    <Peak1D F1="4.122493" intensity="6.643322e-002" type="0"/>
    <Peak1D F1="4.120590" intensity="6.216880e-002" type="0"/>
    <Peak1D F1="4.072509" intensity="3.849082e+000" type="0"/>
    <Peak1D F1="4.070572" intensity="3.413673e+000" type="0"/>
    <Peak1D F1="4.032303" intensity="7.610390e-002" type="0"/>
    <Peak1D F1="4.022533" intensity="7.788216e-002" type="0"/>
    <Peak1D F1="3.982316" intensity="3.732120e+000" type="0"/>
    <Peak1D F1="3.932368" intensity="6.260692e-002" type="0"/>
    <Peak1D F1="3.895165" intensity="6.271146e-003" type="0"/>
    <Peak1D F1="3.872073" intensity="2.208470e-002" type="0"/>
    <Peak1D F1="3.854521" intensity="3.883761e-003" type="0"/>
    <Peak1D F1="3.837071" intensity="3.437373e-003" type="0"/>
    <Peak1D F1="3.818266" intensity="2.068680e-003" type="0"/>
    <Peak1D F1="3.785688" intensity="2.072935e-002" type="0"/>
    <Peak1D F1="3.775753" intensity="7.114422e-003" type="0"/>
    <Peak1D F1="3.736940" intensity="6.734206e-003" type="0"/>
    <Peak1D F1="3.712632" intensity="1.374413e-003" type="0"/>
    <Peak1D F1="3.703258" intensity="1.360477e-003" type="0"/>
    <Peak1D F1="3.611769" intensity="6.092154e-003" type="0"/>
    <Peak1D F1="3.588974" intensity="5.856965e-003" type="0"/>
    <Peak1D F1="3.573956" intensity="2.421730e-003" type="0"/>
    <Peak1D F1="3.562239" intensity="5.022714e-003" type="0"/>
    <Peak1D F1="3.543905" intensity="1.211254e-002" type="0"/>
    <Peak1D F1="3.525754" intensity="1.378272e-002" type="0"/>
    <Peak1D F1="3.507610" intensity="8.698769e-003" type="0"/>
    <Peak1D F1="3.476487" intensity="5.825190e-002" type="0"/>
    <Peak1D F1="3.458254" intensity="1.662624e-001" type="0"/>
    <Peak1D F1="3.440008" intensity="1.680134e-001" type="0"/>
    <Peak1D F1="3.421788" intensity="5.915512e-002" type="0"/>
    <Peak1D F1="3.409465" intensity="7.171880e-003" type="0"/>
    <Peak1D F1="3.389476" intensity="6.268538e-003" type="0"/>
    <Peak1D F1="3.372000" intensity="3.893384e-003" type="0"/>
    <Peak1D F1="3.356748" intensity="3.871050e-003" type="0"/>
    <Peak1D F1="3.339346" intensity="3.694176e-003" type="0"/>
    <Peak1D F1="3.331014" intensity="3.712941e-003" type="0"/>
    <Peak1D F1="3.323464" intensity="7.504584e-003" type="0"/>
    <Peak1D F1="3.305665" intensity="1.719120e-002" type="0"/>
    <Peak1D F1="3.300989" intensity="1.185423e-002" type="0"/>
    <Peak1D F1="3.288036" intensity="1.852587e-002" type="0"/>
    <Peak1D F1="3.283113" intensity="1.217506e-002" type="0"/>
    <Peak1D F1="3.270008" intensity="9.943948e-003" type="0"/>
    <Peak1D F1="3.243469" intensity="9.228243e-003" type="0"/>
    <Peak1D F1="3.225184" intensity="2.085095e-002" type="0"/>
    <Peak1D F1="3.207443" intensity="2.278847e-002" type="0"/>
    <Peak1D F1="3.201313" intensity="1.385452e-002" type="0"/>
    <Peak1D F1="3.189424" intensity="1.261294e-002" type="0"/>
    <Peak1D F1="3.183383" intensity="1.438518e-002" type="0"/>
    <Peak1D F1="3.174228" intensity="1.110840e-002" type="0"/>
    <Peak1D F1="3.155928" intensity="1.930571e-002" type="0"/>
    <Peak1D F1="3.140469" intensity="1.705331e-002" type="0"/>
    <Peak1D F1="3.137702" intensity="1.807273e-002" type="0"/>
    <Peak1D F1="3.119489" intensity="1.171345e-002" type="0"/>
    <Peak1D F1="3.105959" intensity="1.879421e-002" type="0"/>
    <Peak1D F1="3.088288" intensity="4.212038e-002" type="0"/>
    <Peak1D F1="3.070740" intensity="4.346613e-002" type="0"/>
    <Peak1D F1="3.053091" intensity="2.117802e-002" type="0"/>
    <Peak1D F1="3.027882" intensity="1.480376e-002" type="0"/>
    <Peak1D F1="3.018790" intensity="2.309168e-002" type="0"/>
    <Peak1D F1="3.001745" intensity="3.201702e-002" type="0"/>
    <Peak1D F1="2.986429" intensity="1.930848e-001" type="0"/>
    <Peak1D F1="2.968939" intensity="5.315963e-001" type="0"/>
    <Peak1D F1="2.951375" intensity="5.804203e-001" type="0"/>
    <Peak1D F1="2.940063" intensity="2.366453e+000" type="0"/>
    <Peak1D F1="2.922521" intensity="7.041637e+000" type="0"/>
    <Peak1D F1="2.904920" intensity="7.081344e+000" type="0"/>
    <Peak1D F1="2.887188" intensity="2.415988e+000" type="0"/>
    <Peak1D F1="2.872439" intensity="1.803505e-001" type="0"/>
    <Peak1D F1="2.854731" intensity="1.502291e-001" type="0"/>
    <Peak1D F1="2.837091" intensity="6.147348e-002" type="0"/>
    <Peak1D F1="2.817315" intensity="2.211624e-002" type="0"/>
    <Peak1D F1="2.799339" intensity="3.082057e-002" type="0"/>
    <Peak1D F1="2.782426" intensity="3.699986e-002" type="0"/>
    <Peak1D F1="2.765189" intensity="3.941074e-002" type="0"/>
    <Peak1D F1="2.759079" intensity="3.063617e-002" type="0"/>
    <Peak1D F1="2.752026" intensity="6.802779e-002" type="0"/>
    <Peak1D F1="2.741192" intensity="3.086719e-002" type="0"/>
    <Peak1D F1="2.734126" intensity="8.242415e-002" type="0"/>
    <Peak1D F1="2.714906" intensity="6.129600e-002" type="0"/>
    <Peak1D F1="2.697013" intensity="2.878548e-002" type="0"/>
    <Peak1D F1="2.690445" intensity="3.110346e-002" type="0"/>
    <Peak1D F1="2.679525" intensity="1.818907e-002" type="0"/>
    <Peak1D F1="2.662980" intensity="2.417917e-002" type="0"/>
    <Peak1D F1="2.645126" intensity="3.376250e-002" type="0"/>
    <Peak1D F1="2.627271" intensity="3.667651e-002" type="0"/>
    <Peak1D F1="2.613003" intensity="4.518427e-001" type="0"/>
    <Peak1D F1="2.595107" intensity="1.386248e+000" type="0"/>
    <Peak1D F1="2.577225" intensity="1.416256e+000" type="0"/>
    <Peak1D F1="2.559366" intensity="4.879137e-001" type="0"/>
    <Peak1D F1="2.544964" intensity="5.913332e-002" type="0"/>
    <Peak1D F1="2.532703" intensity="3.117928e+000" type="0"/>
    <Peak1D F1="2.526369" intensity="4.055268e-001" type="0"/>
    <Peak1D F1="2.509638" intensity="2.832869e-002" type="0"/>
    <Peak1D F1="2.492947" intensity="1.579319e-002" type="0"/>
    <Peak1D F1="2.482757" intensity="5.184862e-002" type="0"/>
    <Peak1D F1="2.476407" intensity="1.734577e-002" type="0"/>
    <Peak1D F1="2.457765" intensity="8.974169e-003" type="0"/>
    <Peak1D F1="2.441010" intensity="8.653644e-003" type="0"/>
    <Peak1D F1="2.426807" intensity="1.374277e-002" type="0"/>
    <Peak1D F1="2.408931" intensity="1.356192e-002" type="0"/>
    <Peak1D F1="2.391055" intensity="8.698963e-003" type="0"/>
    <Peak1D F1="2.371791" intensity="2.538792e-002" type="0"/>
    <Peak1D F1="2.353131" intensity="5.338207e-003" type="0"/>
    <Peak1D F1="2.339652" intensity="4.258223e-003" type="0"/>
    <Peak1D F1="2.322480" intensity="5.830043e-003" type="0"/>
    <Peak1D F1="2.313752" intensity="7.822623e-003" type="0"/>
    <Peak1D F1="2.303917" intensity="6.121129e-003" type="0"/>
    <Peak1D F1="2.290087" intensity="4.933693e-003" type="0"/>
    <Peak1D F1="2.270025" intensity="4.695236e-003" type="0"/>
    <Peak1D F1="2.251997" intensity="5.280784e-003" type="0"/>
    <Peak1D F1="2.239833" intensity="1.066642e-002" type="0"/>
    <Peak1D F1="2.236289" intensity="1.542971e-002" type="0"/>
    <Peak1D F1="2.232491" intensity="9.936135e-003" type="0"/>
    <Peak1D F1="2.213364" intensity="5.924201e-002" type="0"/>
    <Peak1D F1="2.156419" intensity="8.357853e-001" type="0"/>
    <Peak1D F1="2.154811" intensity="6.384977e-001" type="0"/>
    <Peak1D F1="2.124297" intensity="1.925548e-002" type="0"/>
    <Peak1D F1="2.117085" intensity="1.877787e-002" type="0"/>
    <Peak1D F1="2.106443" intensity="1.541598e-002" type="0"/>
    <Peak1D F1="2.087784" intensity="1.082016e-002" type="0"/>
    <Peak1D F1="2.075262" intensity="6.437455e-003" type="0"/>
    <Peak1D F1="2.052648" intensity="3.606300e-003" type="0"/>
    <Peak1D F1="2.040685" intensity="5.145387e-003" type="0"/>
    <Peak1D F1="2.002315" intensity="8.526720e-002" type="0"/>
    <Peak1D F1="1.967133" intensity="1.808301e-002" type="0"/>
    <Peak1D F1="1.964011" intensity="2.079571e-002" type="0"/>
    <Peak1D F1="1.952695" intensity="5.744071e-003" type="0"/>
    <Peak1D F1="1.910517" intensity="4.056876e-003" type="0"/>
    <Peak1D F1="1.895332" intensity="2.928735e-003" type="0"/>
    <Peak1D F1="1.882257" intensity="4.165256e-003" type="0"/>
    <Peak1D F1="1.873760" intensity="5.169845e-003" type="0"/>
    <Peak1D F1="1.859775" intensity="5.297181e-003" type="0"/>
    <Peak1D F1="1.846350" intensity="3.658353e-002" type="0"/>
    <Peak1D F1="1.843892" intensity="4.647233e-002" type="0"/>
    <Peak1D F1="1.825539" intensity="3.263558e-003" type="0"/>
    <Peak1D F1="1.791880" intensity="6.631579e-002" type="0"/>
    <Peak1D F1="1.769915" intensity="2.415723e-003" type="0"/>
    <Peak1D F1="1.760235" intensity="1.766258e-003" type="0"/>
    <Peak1D F1="1.740687" intensity="3.060177e-003" type="0"/>
    <Peak1D F1="1.721217" intensity="3.102477e-003" type="0"/>
    <Peak1D F1="1.701350" intensity="2.691917e-003" type="0"/>
    <Peak1D F1="1.670949" intensity="4.438414e-002" type="0"/>
    <Peak1D F1="1.642765" intensity="2.728097e-003" type="0"/>
    <Peak1D F1="1.623943" intensity="1.076591e-002" type="0"/>
    <Peak1D F1="1.605976" intensity="3.053129e-003" type="0"/>
    <Peak1D F1="1.595485" intensity="1.108724e-002" type="0"/>
    <Peak1D F1="1.564498" intensity="2.822412e-003" type="0"/>
    <Peak1D F1="1.544959" intensity="3.790726e-003" type="0"/>
    <Peak1D F1="1.499069" intensity="3.938864e-003" type="0"/>
    <Peak1D F1="1.486877" intensity="2.641781e-003" type="0"/>
    <Peak1D F1="1.476343" intensity="4.744672e-003" type="0"/>
    <Peak1D F1="1.449072" intensity="1.048675e-002" type="0"/>
    <Peak1D F1="1.436076" intensity="1.057010e-002" type="0"/>
    <Peak1D F1="1.413096" intensity="5.640762e-003" type="0"/>
    <Peak1D F1="1.395000" intensity="6.063213e-003" type="0"/>
    <Peak1D F1="1.338636" intensity="2.801765e-002" type="0"/>
    <Peak1D F1="1.321273" intensity="3.014461e-002" type="0"/>
    <Peak1D F1="1.306684" intensity="1.908844e-002" type="0"/>
    <Peak1D F1="1.274928" intensity="2.589931e-001" type="0"/>
    <Peak1D F1="1.256730" intensity="5.153590e-001" type="0"/>
    <Peak1D F1="1.244300" intensity="7.704361e-002" type="0"/>
    <Peak1D F1="1.238461" intensity="2.750634e-001" type="0"/>
    <Peak1D F1="1.226123" intensity="6.830460e-002" type="0"/>
    <Peak1D F1="1.213349" intensity="8.402029e-002" type="0"/>
    <Peak1D F1="1.206799" intensity="7.447800e-002" type="0"/>
    <Peak1D F1="1.195312" intensity="1.341707e-001" type="0"/>
    <Peak1D F1="1.189273" intensity="1.380090e-001" type="0"/>
    <Peak1D F1="1.152678" intensity="4.188251e-002" type="0"/>
    <Peak1D F1="1.136728" intensity="3.736153e-002" type="0"/>
    <Peak1D F1="1.128960" intensity="4.223994e-002" type="0"/>
    <Peak1D F1="1.123522" intensity="7.421838e-002" type="0"/>
    <Peak1D F1="1.115587" intensity="5.911035e-002" type="0"/>
    <Peak1D F1="1.110883" intensity="6.231153e-002" type="0"/>
    <Peak1D F1="1.106040" intensity="1.430573e-001" type="0"/>
    <Peak1D F1="1.097737" intensity="8.338488e-002" type="0"/>
    <Peak1D F1="1.090428" intensity="9.870414e-002" type="0"/>
    <Peak1D F1="1.088394" intensity="1.369530e-001" type="0"/>
    <Peak1D F1="1.079843" intensity="6.650274e-002" type="0"/>
    <Peak1D F1="1.072651" intensity="7.602969e-002" type="0"/>
    <Peak1D F1="1.070159" intensity="8.311693e-002" type="0"/>
    <Peak1D F1="1.067623" intensity="8.242743e-002" type="0"/>
    <Peak1D F1="1.058462" intensity="1.432654e+000" type="0"/>
    <Peak1D F1="1.040628" intensity="2.813707e+000" type="0"/>
    <Peak1D F1="1.030341" intensity="1.468546e-001" type="0"/>
    <Peak1D F1="1.022709" intensity="1.421353e+000" type="0"/>
    <Peak1D F1="1.016308" intensity="6.982909e-001" type="0"/>
    <Peak1D F1="1.008626" intensity="1.666487e-001" type="0"/>
    <Peak1D F1="0.998796" intensity="1.274141e+000" type="0"/>
    <Peak1D F1="0.990697" intensity="2.180481e-001" type="0"/>
    <Peak1D F1="0.981098" intensity="7.275263e-001" type="0"/>
    <Peak1D F1="0.967978" intensity="7.639627e+000" type="0"/>
    <Peak1D F1="0.950483" intensity="1.500000e+001" type="0"/>
    <Peak1D F1="0.932777" intensity="7.309553e+000" type="0"/>
    <Peak1D F1="0.918078" intensity="2.938344e-001" type="0"/>
    <Peak1D F1="0.900369" intensity="3.368538e-001" type="0"/>
    <Peak1D F1="0.888496" intensity="1.844679e-001" type="0"/>
    <Peak1D F1="0.882460" intensity="2.251552e-001" type="0"/>
    <Peak1D F1="0.871142" intensity="1.148952e-001" type="0"/>
    <Peak1D F1="0.864461" intensity="1.400443e-001" type="0"/>
    <Peak1D F1="0.846757" intensity="8.838142e-002" type="0"/>
    <Peak1D F1="0.824438" intensity="1.113960e-001" type="0"/>
    <Peak1D F1="0.809121" intensity="2.324617e-001" type="0"/>
    <Peak1D F1="0.807583" intensity="2.322634e-001" type="0"/>
    <Peak1D F1="0.799799" intensity="6.860100e-002" type="0"/>
    <Peak1D F1="0.791601" intensity="1.781655e-001" type="0"/>
    <Peak1D F1="0.774023" intensity="6.581043e-002" type="0"/>
    <Peak1D F1="0.755908" intensity="2.563269e-002" type="0"/>
    <Peak1D F1="0.749063" intensity="2.852183e-002" type="0"/>
    <Peak1D F1="0.739111" intensity="1.898360e-002" type="0"/>
    <Peak1D F1="0.731173" intensity="1.954329e-002" type="0"/>
    <Peak1D F1="0.693883" intensity="1.283402e-002" type="0"/>
    <Peak1D F1="0.676745" intensity="1.391763e-002" type="0"/>
    <Peak1D F1="0.656984" intensity="1.442666e-002" type="0"/>
    <Peak1D F1="0.640053" intensity="1.099850e-002" type="0"/>
    <Peak1D F1="0.624524" intensity="9.385576e-003" type="0"/>
    <Peak1D F1="0.615927" intensity="8.770889e-003" type="0"/>
    <Peak1D F1="0.598640" intensity="8.422845e-003" type="0"/>
    <Peak1D F1="0.588528" intensity="7.690347e-003" type="0"/>
    <Peak1D F1="0.481147" intensity="5.208992e-003" type="0"/>
    <Peak1D F1="0.454849" intensity="4.805021e-003" type="0"/>
    <Peak1D F1="0.439748" intensity="4.633066e-003" type="0"/>
    <Peak1D F1="0.419689" intensity="4.596358e-003" type="0"/>
    <Peak1D F1="0.396388" intensity="4.174519e-003" type="0"/>
    <Peak1D F1="0.362660" intensity="3.799845e-003" type="0"/>
    <Peak1D F1="0.319498" intensity="3.536233e-003" type="0"/>
    <Peak1D F1="0.266724" intensity="5.251150e-003" type="0"/>
    <Peak1D F1="0.248499" intensity="4.973633e-003" type="0"/>
    <Peak1D F1="0.218312" intensity="3.184495e-003" type="0"/>
    <Peak1D F1="0.194987" intensity="3.174848e-003" type="0"/>
    <Peak1D F1="0.180702" intensity="2.525630e-003" type="0"/>
    <Peak1D F1="0.163398" intensity="2.497929e-003" type="0"/>
    <Peak1D F1="0.141325" intensity="2.525056e-003" type="0"/>
    <Peak1D F1="0.119291" intensity="2.437833e-003" type="0"/>
    <Peak1D F1="0.114404" intensity="2.531202e-003" type="0"/>
    <Peak1D F1="0.073439" intensity="2.278227e-003" type="0"/>
    <Peak1D F1="0.055901" intensity="2.478182e-003" type="0"/>
    <Peak1D F1="0.016014" intensity="2.338059e-003" type="0"/>
    <Peak1D F1="-0.000158" intensity="1.609823e-002" type="0"/>
    <Peak1D F1="-0.002454" intensity="1.463158e-002" type="0"/>
    <Peak1D F1="-0.075077" intensity="2.348446e-003" type="0"/>
    <Peak1D F1="-0.089435" intensity="2.101435e-003" type="0"/>
    <Peak1D F1="-0.107801" intensity="1.898675e-003" type="0"/>
    <Peak1D F1="-0.150160" intensity="2.028210e-003" type="0"/>
    <Peak1D F1="-0.220764" intensity="1.694959e-003" type="0"/>
    <Peak1D F1="-0.260314" intensity="1.637698e-003" type="0"/>
    <Peak1D F1="-0.280710" intensity="1.605538e-003" type="0"/>
    <Peak1D F1="-0.299772" intensity="1.567754e-003" type="0"/>
    <Peak1D F1="-0.442134" intensity="1.339064e-003" type="0"/>
    <Peak1D F1="-0.529467" intensity="1.325167e-003" type="0"/>
  </PeakList1D>
</PeakList>
