<?xml version="1.0" encoding="UTF-8"?>
<PeakList>
  <PeakList1D>
    <PeakList1DHeader creator="nmr" date="2021-12-05T14:11:02.870+02:00" expNo="1" name="AM-165-but-13C" owner="" procNo="1" source="\\132.72.8.180\400b\Milo\Milo">
      <PeakPickDetails>F1=219.481201ppm, F2=-19.481190ppm, MI=0.00cm, MAXI=10000.00cm, PC=1.400
      </PeakPickDetails>
    </PeakList1DHeader>
    <Peak1D F1="169.397293" intensity="2.357852e+000" type="0"/>
    <Peak1D F1="142.878967" intensity="2.327537e+000" type="0"/>
    <Peak1D F1="139.504349" intensity="1.825725e+000" type="0"/>
    <Peak1D F1="138.222107" intensity="2.519005e+000" type="0"/>
    <Peak1D F1="134.765884" intensity="3.573978e-001" type="0"/>
    <Peak1D F1="133.843964" intensity="2.452621e+000" type="0"/>
    <Peak1D F1="130.451981" intensity="6.210992e-001" type="0"/>
    <Peak1D F1="130.224014" intensity="1.022188e+001" type="0"/>
    <Peak1D F1="129.552353" intensity="6.900607e-001" type="0"/>
    <Peak1D F1="129.356552" intensity="1.063150e+001" type="0"/>
    <Peak1D F1="129.170944" intensity="1.158567e+000" type="0"/>
    <Peak1D F1="126.782776" intensity="4.927757e-001" type="0"/>
    <Peak1D F1="126.695396" intensity="3.843275e-001" type="0"/>
    <Peak1D F1="126.485558" intensity="9.980739e+000" type="0"/>
    <Peak1D F1="126.351448" intensity="1.500000e+001" type="0"/>
    <Peak1D F1="121.708595" intensity="1.036705e+000" type="0"/>
    <Peak1D F1="118.422722" intensity="3.546016e-001" type="0"/>
    <Peak1D F1="77.371140" intensity="3.483436e+001" type="0"/>
    <Peak1D F1="77.256172" intensity="2.441828e+000" type="0"/>
    <Peak1D F1="77.053505" intensity="3.640844e+001" type="0"/>
    <Peak1D F1="76.735405" intensity="3.532170e+001" type="0"/>
    <Peak1D F1="28.636517" intensity="5.482709e-001" type="0"/>
    <Peak1D F1="27.314999" intensity="4.276807e+000" type="0"/>
    <Peak1D F1="21.550676" intensity="4.856922e+000" type="0"/>
    <Peak1D F1="21.061605" intensity="4.385663e+000" type="0"/>
    <Peak1D F1="15.291514" intensity="3.996629e-001" type="0"/>
    <Peak1D F1="11.853161" intensity="5.849155e-001" type="0"/>
    <Peak1D F1="10.700226" intensity="4.990085e+000" type="0"/>
  </PeakList1D>
</PeakList>
