<?xml version="1.0" encoding="UTF-8"?>
<PeakList>
  <PeakList1D>
    <PeakList1DHeader creator="nmr" date="2021-10-12T16:23:40.586+03:00" expNo="4" name="AM-140-S3-13C" owner="" procNo="1" source="//132.72.8.180/400b/Milo/Milo">
      <PeakPickDetails>F1=219.481201ppm, F2=-19.481190ppm, MI=0.00cm, MAXI=10000.00cm, PC=1.400
      </PeakPickDetails>
    </PeakList1DHeader>
    <Peak1D F1="164.128433" intensity="3.211796e+000" type="0"/>
    <Peak1D F1="155.878357" intensity="3.227785e+000" type="0"/>
    <Peak1D F1="147.410904" intensity="4.055714e+000" type="0"/>
    <Peak1D F1="136.668289" intensity="2.576880e+000" type="0"/>
    <Peak1D F1="132.544357" intensity="7.819828e+000" type="0"/>
    <Peak1D F1="132.015778" intensity="8.146307e+000" type="0"/>
    <Peak1D F1="130.224396" intensity="1.500000e+001" type="0"/>
    <Peak1D F1="127.781242" intensity="1.482428e+001" type="0"/>
    <Peak1D F1="126.929382" intensity="3.397038e+000" type="0"/>
    <Peak1D F1="122.573288" intensity="2.873193e+000" type="0"/>
    <Peak1D F1="112.849770" intensity="8.301349e+000" type="0"/>
    <Peak1D F1="77.348381" intensity="1.490656e+002" type="0"/>
    <Peak1D F1="77.030769" intensity="1.516513e+002" type="0"/>
    <Peak1D F1="76.713142" intensity="1.495756e+002" type="0"/>
    <Peak1D F1="56.238773" intensity="7.411287e+000" type="0"/>
    <Peak1D F1="40.588699" intensity="7.387903e+000" type="0"/>
    <Peak1D F1="35.745403" intensity="7.134642e+000" type="0"/>
  </PeakList1D>
</PeakList>
