<?xml version="1.0" encoding="UTF-8"?>
<PeakList>
  <PeakList1D>
    <PeakList1DHeader creator="nmr" date="2021-10-27T22:34:26.564+03:00" expNo="2" name="AM-160-3-Cl-13C" owner="" procNo="1" source="//132.72.8.180/400b/Milo/Milo">
      <PeakPickDetails>F1=219.481201ppm, F2=-19.481190ppm, MI=0.00cm, MAXI=10000.00cm, PC=1.400
      </PeakPickDetails>
    </PeakList1DHeader>
    <Peak1D F1="161.640823" intensity="7.413613e-001" type="0"/>
    <Peak1D F1="143.328903" intensity="8.148702e-001" type="0"/>
    <Peak1D F1="138.962524" intensity="5.699395e-001" type="0"/>
    <Peak1D F1="136.685440" intensity="9.646612e-001" type="0"/>
    <Peak1D F1="134.804596" intensity="3.861430e+000" type="0"/>
    <Peak1D F1="134.352356" intensity="3.466263e+000" type="0"/>
    <Peak1D F1="131.240646" intensity="6.610267e+000" type="0"/>
    <Peak1D F1="129.901794" intensity="1.060450e+001" type="0"/>
    <Peak1D F1="129.510483" intensity="1.025206e+001" type="0"/>
    <Peak1D F1="129.317429" intensity="4.018989e+000" type="0"/>
    <Peak1D F1="129.049606" intensity="4.141937e-001" type="0"/>
    <Peak1D F1="127.646454" intensity="1.294664e+000" type="0"/>
    <Peak1D F1="126.628044" intensity="1.500000e+001" type="0"/>
    <Peak1D F1="124.522316" intensity="7.273721e-001" type="0"/>
    <Peak1D F1="77.357742" intensity="3.478043e+001" type="0"/>
    <Peak1D F1="77.243263" intensity="1.927347e+000" type="0"/>
    <Peak1D F1="77.039726" intensity="3.616434e+001" type="0"/>
    <Peak1D F1="76.722107" intensity="3.483703e+001" type="0"/>
    <Peak1D F1="21.579475" intensity="6.835314e+000" type="0"/>
    <Peak1D F1="20.934698" intensity="6.234028e+000" type="0"/>
    <Peak1D F1="15.284578" intensity="2.818077e-001" type="0"/>
  </PeakList1D>
</PeakList>
