<?xml version="1.0" encoding="UTF-8"?>
<PeakList>
  <PeakList1D>
    <PeakList1DHeader creator="nmr" date="2021-10-19T15:14:13.139+03:00" expNo="2" name="AM-4-Br-13C" owner="" procNo="1" source="\\132.72.8.180\400b\Milo\Milo">
      <PeakPickDetails>F1=219.481201ppm, F2=-19.481190ppm, MI=0.00cm, MAXI=10000.00cm, PC=1.400
      </PeakPickDetails>
    </PeakList1DHeader>
    <Peak1D F1="162.031281" intensity="1.119280e+000" type="0"/>
    <Peak1D F1="143.268219" intensity="1.139483e+000" type="0"/>
    <Peak1D F1="139.019348" intensity="6.325319e-001" type="0"/>
    <Peak1D F1="136.634842" intensity="1.206252e+000" type="0"/>
    <Peak1D F1="134.962326" intensity="3.057853e+000" type="0"/>
    <Peak1D F1="132.000320" intensity="6.082823e-001" type="0"/>
    <Peak1D F1="131.455154" intensity="1.135013e+001" type="0"/>
    <Peak1D F1="131.223022" intensity="1.883554e+000" type="0"/>
    <Peak1D F1="129.943085" intensity="9.529341e+000" type="0"/>
    <Peak1D F1="129.484985" intensity="1.054869e+001" type="0"/>
    <Peak1D F1="126.585587" intensity="1.500000e+001" type="0"/>
    <Peak1D F1="126.022408" intensity="3.084874e+000" type="0"/>
    <Peak1D F1="124.565231" intensity="8.211740e-001" type="0"/>
    <Peak1D F1="77.352158" intensity="4.814076e+001" type="0"/>
    <Peak1D F1="77.235985" intensity="2.564036e+000" type="0"/>
    <Peak1D F1="77.034058" intensity="4.865446e+001" type="0"/>
    <Peak1D F1="76.717033" intensity="4.830158e+001" type="0"/>
    <Peak1D F1="21.578678" intensity="6.215641e+000" type="0"/>
    <Peak1D F1="20.937832" intensity="6.830873e+000" type="0"/>
  </PeakList1D>
</PeakList>
