<?xml version="1.0" encoding="UTF-8"?>
<PeakList>
  <PeakList1D>
    <PeakList1DHeader creator="nmr" date="2021-10-25T14:09:27.329+03:00" expNo="7" name="AM-150-4-Me" owner="" procNo="1" source="//132.72.8.180/400b/Milo/Milo">
      <PeakPickDetails>F1=16.095461ppm, F2=-3.933584ppm, MI=0.00cm, MAXI=10000.00cm, PC=1.000
      </PeakPickDetails>
    </PeakList1DHeader>
    <Peak1D F1="15.710638" intensity="1.639436e-002" type="0"/>
    <Peak1D F1="14.495751" intensity="1.566294e-002" type="0"/>
    <Peak1D F1="14.053404" intensity="1.491182e-002" type="0"/>
    <Peak1D F1="13.977005" intensity="1.399625e-002" type="0"/>
    <Peak1D F1="10.245236" intensity="1.438447e-002" type="0"/>
    <Peak1D F1="10.146090" intensity="2.026448e-002" type="0"/>
    <Peak1D F1="10.127459" intensity="1.685903e-002" type="0"/>
    <Peak1D F1="10.066201" intensity="2.175470e-002" type="0"/>
    <Peak1D F1="10.054093" intensity="2.740501e-002" type="0"/>
    <Peak1D F1="10.009104" intensity="2.933607e-002" type="0"/>
    <Peak1D F1="10.002707" intensity="2.882615e-002" type="0"/>
    <Peak1D F1="9.976447" intensity="3.548003e-002" type="0"/>
    <Peak1D F1="9.938830" intensity="3.827555e-002" type="0"/>
    <Peak1D F1="9.926314" intensity="4.355917e-002" type="0"/>
    <Peak1D F1="9.900058" intensity="4.379142e-002" type="0"/>
    <Peak1D F1="9.881744" intensity="4.613211e-002" type="0"/>
    <Peak1D F1="9.845713" intensity="4.106746e-002" type="0"/>
    <Peak1D F1="9.783501" intensity="3.667584e-002" type="0"/>
    <Peak1D F1="9.755681" intensity="3.051003e-002" type="0"/>
    <Peak1D F1="9.665820" intensity="1.993896e-002" type="0"/>
    <Peak1D F1="9.654321" intensity="1.958738e-002" type="0"/>
    <Peak1D F1="7.841395" intensity="1.333822e+000" type="0"/>
    <Peak1D F1="7.821055" intensity="1.393026e+000" type="0"/>
    <Peak1D F1="7.773277" intensity="4.403333e-002" type="0"/>
    <Peak1D F1="7.756392" intensity="7.199924e-002" type="0"/>
    <Peak1D F1="7.735893" intensity="6.480767e-002" type="0"/>
    <Peak1D F1="7.686731" intensity="1.446927e-002" type="0"/>
    <Peak1D F1="7.631485" intensity="1.455167e-002" type="0"/>
    <Peak1D F1="7.543746" intensity="1.475533e-002" type="0"/>
    <Peak1D F1="7.449393" intensity="1.023885e-001" type="0"/>
    <Peak1D F1="7.426023" intensity="2.222184e-002" type="0"/>
    <Peak1D F1="7.398702" intensity="2.145237e-002" type="0"/>
    <Peak1D F1="7.371202" intensity="1.973980e-002" type="0"/>
    <Peak1D F1="7.323725" intensity="3.522146e-002" type="0"/>
    <Peak1D F1="7.239810" intensity="1.093883e+000" type="0"/>
    <Peak1D F1="7.227131" intensity="2.450888e+000" type="0"/>
    <Peak1D F1="7.206713" intensity="2.291702e+000" type="0"/>
    <Peak1D F1="7.190257" intensity="1.916579e+001" type="0"/>
    <Peak1D F1="7.140304" intensity="3.672164e-001" type="0"/>
    <Peak1D F1="7.125109" intensity="6.703233e-002" type="0"/>
    <Peak1D F1="7.112691" intensity="6.064695e-002" type="0"/>
    <Peak1D F1="7.086274" intensity="6.243026e-002" type="0"/>
    <Peak1D F1="7.073056" intensity="5.969058e-002" type="0"/>
    <Peak1D F1="7.052928" intensity="6.650446e-002" type="0"/>
    <Peak1D F1="7.027576" intensity="9.882677e-002" type="0"/>
    <Peak1D F1="6.977324" intensity="1.003309e+000" type="0"/>
    <Peak1D F1="6.958292" intensity="9.411549e-001" type="0"/>
    <Peak1D F1="6.941370" intensity="1.555462e+000" type="0"/>
    <Peak1D F1="6.920919" intensity="1.699004e+000" type="0"/>
    <Peak1D F1="6.870557" intensity="7.414945e-002" type="0"/>
    <Peak1D F1="6.842168" intensity="4.765004e-002" type="0"/>
    <Peak1D F1="6.721152" intensity="4.458127e-001" type="0"/>
    <Peak1D F1="6.613917" intensity="3.761498e-002" type="0"/>
    <Peak1D F1="6.606197" intensity="3.316288e-002" type="0"/>
    <Peak1D F1="6.570962" intensity="2.257303e-002" type="0"/>
    <Peak1D F1="6.547307" intensity="2.008187e-002" type="0"/>
    <Peak1D F1="6.534903" intensity="1.788773e-002" type="0"/>
    <Peak1D F1="6.505945" intensity="1.907498e-002" type="0"/>
    <Peak1D F1="6.492298" intensity="1.597227e-002" type="0"/>
    <Peak1D F1="5.325414" intensity="1.487401e-002" type="0"/>
    <Peak1D F1="5.275500" intensity="4.664712e-002" type="0"/>
    <Peak1D F1="5.267864" intensity="3.372856e-002" type="0"/>
    <Peak1D F1="5.260220" intensity="2.722171e-002" type="0"/>
    <Peak1D F1="4.633607" intensity="2.616481e-002" type="0"/>
    <Peak1D F1="4.611101" intensity="1.474937e-002" type="0"/>
    <Peak1D F1="4.376215" intensity="1.803279e-002" type="0"/>
    <Peak1D F1="3.750779" intensity="1.406656e-002" type="0"/>
    <Peak1D F1="3.482762" intensity="1.758577e-002" type="0"/>
    <Peak1D F1="3.435748" intensity="1.455205e-001" type="0"/>
    <Peak1D F1="3.417980" intensity="3.931846e-001" type="0"/>
    <Peak1D F1="3.400548" intensity="4.002366e-001" type="0"/>
    <Peak1D F1="3.383094" intensity="1.335449e-001" type="0"/>
    <Peak1D F1="2.537750" intensity="1.466724e-002" type="0"/>
    <Peak1D F1="2.503524" intensity="4.299040e-002" type="0"/>
    <Peak1D F1="2.470710" intensity="2.346173e-002" type="0"/>
    <Peak1D F1="2.462530" intensity="2.614593e-002" type="0"/>
    <Peak1D F1="2.447898" intensity="3.030775e-002" type="0"/>
    <Peak1D F1="2.395023" intensity="1.725731e-001" type="0"/>
    <Peak1D F1="2.364924" intensity="4.973721e-001" type="0"/>
    <Peak1D F1="2.345522" intensity="7.038687e+000" type="0"/>
    <Peak1D F1="2.315858" intensity="1.374446e-001" type="0"/>
    <Peak1D F1="2.295530" intensity="2.095628e-001" type="0"/>
    <Peak1D F1="2.282838" intensity="1.748844e-001" type="0"/>
    <Peak1D F1="2.274847" intensity="1.630163e-001" type="0"/>
    <Peak1D F1="2.257523" intensity="3.277120e-001" type="0"/>
    <Peak1D F1="2.233635" intensity="4.990387e+000" type="0"/>
    <Peak1D F1="2.208138" intensity="6.473269e+000" type="0"/>
    <Peak1D F1="2.184999" intensity="2.052106e-001" type="0"/>
    <Peak1D F1="2.167610" intensity="1.311848e-001" type="0"/>
    <Peak1D F1="2.157440" intensity="1.395151e-001" type="0"/>
    <Peak1D F1="2.150445" intensity="1.266967e-001" type="0"/>
    <Peak1D F1="2.128976" intensity="8.372630e-002" type="0"/>
    <Peak1D F1="2.101212" intensity="2.110056e+000" type="0"/>
    <Peak1D F1="2.072935" intensity="3.540962e-002" type="0"/>
    <Peak1D F1="2.051371" intensity="6.111433e-002" type="0"/>
    <Peak1D F1="1.974633" intensity="3.864039e-002" type="0"/>
    <Peak1D F1="1.944640" intensity="5.097065e-002" type="0"/>
    <Peak1D F1="1.932450" intensity="4.407347e-002" type="0"/>
    <Peak1D F1="1.878139" intensity="2.736808e-002" type="0"/>
    <Peak1D F1="1.735767" intensity="1.454649e-002" type="0"/>
    <Peak1D F1="1.584982" intensity="5.956933e-002" type="0"/>
    <Peak1D F1="1.547637" intensity="9.143529e-002" type="0"/>
    <Peak1D F1="1.528632" intensity="3.199367e-001" type="0"/>
    <Peak1D F1="1.478801" intensity="1.500000e+001" type="0"/>
    <Peak1D F1="1.428988" intensity="2.502431e-001" type="0"/>
    <Peak1D F1="1.314358" intensity="2.978098e-002" type="0"/>
    <Peak1D F1="1.300985" intensity="4.063160e-002" type="0"/>
    <Peak1D F1="1.240569" intensity="2.015920e-001" type="0"/>
    <Peak1D F1="1.185929" intensity="4.499778e-001" type="0"/>
    <Peak1D F1="1.156108" intensity="4.524611e-001" type="0"/>
    <Peak1D F1="1.138532" intensity="8.198733e-001" type="0"/>
    <Peak1D F1="1.121000" intensity="4.009513e-001" type="0"/>
    <Peak1D F1="1.106106" intensity="2.782387e-002" type="0"/>
    <Peak1D F1="1.089363" intensity="2.326079e-002" type="0"/>
    <Peak1D F1="1.038696" intensity="1.625221e-002" type="0"/>
    <Peak1D F1="1.014884" intensity="1.660158e-002" type="0"/>
    <Peak1D F1="0.996845" intensity="1.490898e-002" type="0"/>
    <Peak1D F1="0.977629" intensity="1.528203e-002" type="0"/>
    <Peak1D F1="0.962577" intensity="1.505008e-002" type="0"/>
    <Peak1D F1="0.876646" intensity="1.624801e-002" type="0"/>
    <Peak1D F1="0.863611" intensity="1.676677e-002" type="0"/>
    <Peak1D F1="0.826173" intensity="8.043481e-002" type="0"/>
    <Peak1D F1="0.811199" intensity="1.661618e-001" type="0"/>
    <Peak1D F1="0.793220" intensity="8.810335e-002" type="0"/>
    <Peak1D F1="0.766232" intensity="5.868677e-002" type="0"/>
    <Peak1D F1="0.738603" intensity="2.880565e-002" type="0"/>
    <Peak1D F1="0.715539" intensity="1.529458e-002" type="0"/>
    <Peak1D F1="0.695769" intensity="1.810705e-002" type="0"/>
    <Peak1D F1="0.117665" intensity="1.616245e-002" type="0"/>
    <Peak1D F1="0.048898" intensity="2.029790e-002" type="0"/>
    <Peak1D F1="-0.000155" intensity="7.921188e-001" type="0"/>
    <Peak1D F1="-0.023952" intensity="2.010193e-002" type="0"/>
    <Peak1D F1="-0.049883" intensity="1.563799e-002" type="0"/>
    <Peak1D F1="-2.161429" intensity="1.579958e-002" type="0"/>
    <Peak1D F1="-2.947136" intensity="1.654915e-002" type="0"/>
    <Peak1D F1="-3.295630" intensity="1.808031e-002" type="0"/>
    <Peak1D F1="-3.554180" intensity="1.529959e-002" type="0"/>
    <Peak1D F1="-3.639784" intensity="1.490740e-002" type="0"/>
    <Peak1D F1="-3.912071" intensity="1.498904e-002" type="0"/>
  </PeakList1D>
</PeakList>
