<?xml version="1.0" encoding="UTF-8"?>
<PeakList>
  <PeakList1D>
    <PeakList1DHeader creator="nmr" date="2021-12-20T13:49:33.063+02:00" expNo="1" name="AM-o-OMe-13C" owner="" procNo="1" source="//132.72.8.180/400b/Milo/Milo">
      <PeakPickDetails>F1=219.481201ppm, F2=-19.481190ppm, MI=0.00cm, MAXI=10000.00cm, PC=1.400
      </PeakPickDetails>
    </PeakList1DHeader>
    <Peak1D F1="162.724442" intensity="5.712057e-001" type="0"/>
    <Peak1D F1="162.106079" intensity="3.993725e+000" type="0"/>
    <Peak1D F1="142.629837" intensity="1.599454e+000" type="0"/>
    <Peak1D F1="139.813995" intensity="6.947179e-001" type="0"/>
    <Peak1D F1="131.079544" intensity="2.730349e+000" type="0"/>
    <Peak1D F1="129.691895" intensity="1.017316e+000" type="0"/>
    <Peak1D F1="129.261078" intensity="1.376759e+001" type="0"/>
    <Peak1D F1="127.305962" intensity="3.854455e+000" type="0"/>
    <Peak1D F1="126.607925" intensity="1.500000e+001" type="0"/>
    <Peak1D F1="126.478134" intensity="1.133081e+000" type="0"/>
    <Peak1D F1="125.872719" intensity="4.760151e-001" type="0"/>
    <Peak1D F1="120.510391" intensity="4.941975e+000" type="0"/>
    <Peak1D F1="113.509193" intensity="8.461572e+000" type="0"/>
    <Peak1D F1="110.912567" intensity="1.561391e+000" type="0"/>
    <Peak1D F1="77.376152" intensity="2.952689e+001" type="0"/>
    <Peak1D F1="77.261055" intensity="2.211025e+000" type="0"/>
    <Peak1D F1="77.058998" intensity="2.987339e+001" type="0"/>
    <Peak1D F1="76.740852" intensity="2.983620e+001" type="0"/>
    <Peak1D F1="55.678486" intensity="7.196480e+000" type="0"/>
    <Peak1D F1="55.372227" intensity="7.175916e+000" type="0"/>
    <Peak1D F1="30.964949" intensity="3.136721e-001" type="0"/>
    <Peak1D F1="21.544239" intensity="6.452752e+000" type="0"/>
  </PeakList1D>
</PeakList>
