<?xml version="1.0" encoding="UTF-8"?>
<PeakList>
  <PeakList1D>
    <PeakList1DHeader creator="nmr" date="2021-11-01T13:10:35.433+02:00" expNo="2" name="AM-Imine" owner="" procNo="1" source="//132.72.8.180/400b/Milo/Milo">
      <PeakPickDetails>F1=16.068420ppm, F2=-3.960624ppm, MI=0.00cm, MAXI=10000.00cm, PC=1.000
      </PeakPickDetails>
    </PeakList1DHeader>
    <Peak1D F1="12.744115" intensity="7.559394e-004" type="0"/>
    <Peak1D F1="12.728172" intensity="7.923740e-004" type="0"/>
    <Peak1D F1="12.724061" intensity="9.232624e-004" type="0"/>
    <Peak1D F1="8.882486" intensity="7.675758e-004" type="0"/>
    <Peak1D F1="8.639828" intensity="1.239938e-003" type="0"/>
    <Peak1D F1="8.527213" intensity="2.371622e-003" type="0"/>
    <Peak1D F1="8.498425" intensity="2.407325e-003" type="0"/>
    <Peak1D F1="8.428367" intensity="2.752778e-003" type="0"/>
    <Peak1D F1="8.405890" intensity="2.323104e-003" type="0"/>
    <Peak1D F1="8.353759" intensity="8.707286e-004" type="0"/>
    <Peak1D F1="8.320121" intensity="9.403205e-004" type="0"/>
    <Peak1D F1="8.307421" intensity="1.278025e-003" type="0"/>
    <Peak1D F1="8.275846" intensity="1.478927e-003" type="0"/>
    <Peak1D F1="8.247094" intensity="1.228710e-003" type="0"/>
    <Peak1D F1="8.227172" intensity="1.485539e-003" type="0"/>
    <Peak1D F1="8.210737" intensity="1.233797e-003" type="0"/>
    <Peak1D F1="8.192985" intensity="1.164641e-003" type="0"/>
    <Peak1D F1="8.171439" intensity="4.126093e-003" type="0"/>
    <Peak1D F1="8.121317" intensity="2.047505e-003" type="0"/>
    <Peak1D F1="8.102162" intensity="2.710209e-003" type="0"/>
    <Peak1D F1="8.082579" intensity="5.446585e-003" type="0"/>
    <Peak1D F1="8.059864" intensity="1.495385e-002" type="0"/>
    <Peak1D F1="8.054972" intensity="1.505271e-002" type="0"/>
    <Peak1D F1="8.035543" intensity="1.485277e-002" type="0"/>
    <Peak1D F1="7.926819" intensity="2.676860e-002" type="0"/>
    <Peak1D F1="7.918558" intensity="5.893420e-002" type="0"/>
    <Peak1D F1="7.913305" intensity="5.072311e-002" type="0"/>
    <Peak1D F1="7.908441" intensity="9.212793e-002" type="0"/>
    <Peak1D F1="7.896477" intensity="8.125844e-002" type="0"/>
    <Peak1D F1="7.886311" intensity="1.167458e-001" type="0"/>
    <Peak1D F1="7.858983" intensity="3.887670e+000" type="0"/>
    <Peak1D F1="7.854100" intensity="1.328574e+000" type="0"/>
    <Peak1D F1="7.841698" intensity="1.927768e+000" type="0"/>
    <Peak1D F1="7.836836" intensity="3.898988e+000" type="0"/>
    <Peak1D F1="7.829657" intensity="4.930253e-001" type="0"/>
    <Peak1D F1="7.814974" intensity="8.032253e-002" type="0"/>
    <Peak1D F1="7.809013" intensity="1.101471e-001" type="0"/>
    <Peak1D F1="7.792598" intensity="8.233465e-002" type="0"/>
    <Peak1D F1="7.786799" intensity="8.856438e-002" type="0"/>
    <Peak1D F1="7.762608" intensity="2.031981e-002" type="0"/>
    <Peak1D F1="7.752921" intensity="2.412546e-002" type="0"/>
    <Peak1D F1="7.747045" intensity="1.448561e-002" type="0"/>
    <Peak1D F1="7.740996" intensity="2.278127e-002" type="0"/>
    <Peak1D F1="7.731033" intensity="2.266308e-002" type="0"/>
    <Peak1D F1="7.719279" intensity="6.736798e-003" type="0"/>
    <Peak1D F1="7.690773" intensity="4.823491e-003" type="0"/>
    <Peak1D F1="7.658151" intensity="1.677200e-002" type="0"/>
    <Peak1D F1="7.637993" intensity="1.802235e-002" type="0"/>
    <Peak1D F1="7.632731" intensity="1.280150e-002" type="0"/>
    <Peak1D F1="7.616475" intensity="5.564126e-003" type="0"/>
    <Peak1D F1="7.590090" intensity="3.097040e-003" type="0"/>
    <Peak1D F1="7.578009" intensity="3.969932e-003" type="0"/>
    <Peak1D F1="7.563000" intensity="4.392211e-003" type="0"/>
    <Peak1D F1="7.549303" intensity="6.797334e-003" type="0"/>
    <Peak1D F1="7.541206" intensity="5.128209e-003" type="0"/>
    <Peak1D F1="7.528404" intensity="6.142240e-003" type="0"/>
    <Peak1D F1="7.502924" intensity="1.559757e-002" type="0"/>
    <Peak1D F1="7.480624" intensity="1.865309e-002" type="0"/>
    <Peak1D F1="7.469622" intensity="4.201339e-002" type="0"/>
    <Peak1D F1="7.447603" intensity="4.475249e-002" type="0"/>
    <Peak1D F1="7.440042" intensity="1.243019e-002" type="0"/>
    <Peak1D F1="7.428912" intensity="2.285355e-002" type="0"/>
    <Peak1D F1="7.422053" intensity="1.945942e-002" type="0"/>
    <Peak1D F1="7.418006" intensity="2.241948e-002" type="0"/>
    <Peak1D F1="7.408673" intensity="2.422589e-002" type="0"/>
    <Peak1D F1="7.400689" intensity="1.437607e-002" type="0"/>
    <Peak1D F1="7.396029" intensity="2.065589e-002" type="0"/>
    <Peak1D F1="7.374306" intensity="8.003067e-003" type="0"/>
    <Peak1D F1="7.368117" intensity="6.093039e-003" type="0"/>
    <Peak1D F1="7.351643" intensity="6.887263e-003" type="0"/>
    <Peak1D F1="7.320908" intensity="1.635998e-002" type="0"/>
    <Peak1D F1="7.304526" intensity="1.554121e-002" type="0"/>
    <Peak1D F1="7.298862" intensity="1.937408e-002" type="0"/>
    <Peak1D F1="7.284479" intensity="1.532484e-002" type="0"/>
    <Peak1D F1="7.276100" intensity="2.399514e-002" type="0"/>
    <Peak1D F1="7.270388" intensity="1.549648e-002" type="0"/>
    <Peak1D F1="7.254767" intensity="4.677594e-002" type="0"/>
    <Peak1D F1="7.238320" intensity="2.950527e-002" type="0"/>
    <Peak1D F1="7.234050" intensity="3.285034e-002" type="0"/>
    <Peak1D F1="7.212690" intensity="3.325944e-002" type="0"/>
    <Peak1D F1="7.206703" intensity="5.406595e-002" type="0"/>
    <Peak1D F1="7.184777" intensity="7.137202e-002" type="0"/>
    <Peak1D F1="7.163087" intensity="1.070355e+000" type="0"/>
    <Peak1D F1="7.150821" intensity="6.668209e-002" type="0"/>
    <Peak1D F1="7.132215" intensity="2.971396e-002" type="0"/>
    <Peak1D F1="7.114528" intensity="9.032100e-002" type="0"/>
    <Peak1D F1="7.096606" intensity="1.512580e-001" type="0"/>
    <Peak1D F1="7.066755" intensity="2.777789e+000" type="0"/>
    <Peak1D F1="7.046649" intensity="2.955361e+000" type="0"/>
    <Peak1D F1="7.016621" intensity="8.848410e-002" type="0"/>
    <Peak1D F1="6.994594" intensity="1.361102e-001" type="0"/>
    <Peak1D F1="6.972312" intensity="1.070178e-001" type="0"/>
    <Peak1D F1="6.954371" intensity="5.539067e-002" type="0"/>
    <Peak1D F1="6.947997" intensity="5.331361e-002" type="0"/>
    <Peak1D F1="6.936655" intensity="5.312564e-002" type="0"/>
    <Peak1D F1="6.916902" intensity="1.214886e-001" type="0"/>
    <Peak1D F1="6.894497" intensity="1.410825e-001" type="0"/>
    <Peak1D F1="6.883414" intensity="3.519686e-001" type="0"/>
    <Peak1D F1="6.874567" intensity="6.639821e-001" type="0"/>
    <Peak1D F1="6.867456" intensity="4.058270e+000" type="0"/>
    <Peak1D F1="6.862854" intensity="1.681420e+000" type="0"/>
    <Peak1D F1="6.857097" intensity="9.809768e-001" type="0"/>
    <Peak1D F1="6.850203" intensity="1.513490e+000" type="0"/>
    <Peak1D F1="6.845323" intensity="3.729228e+000" type="0"/>
    <Peak1D F1="6.835603" intensity="7.498497e-001" type="0"/>
    <Peak1D F1="6.828226" intensity="1.324392e-001" type="0"/>
    <Peak1D F1="6.817219" intensity="1.500342e-001" type="0"/>
    <Peak1D F1="6.795138" intensity="1.220602e-001" type="0"/>
    <Peak1D F1="6.777232" intensity="4.416544e-002" type="0"/>
    <Peak1D F1="6.770233" intensity="9.978792e-002" type="0"/>
    <Peak1D F1="6.749058" intensity="9.374268e-002" type="0"/>
    <Peak1D F1="6.729864" intensity="3.374638e-002" type="0"/>
    <Peak1D F1="6.724567" intensity="3.891746e-002" type="0"/>
    <Peak1D F1="6.717669" intensity="3.955187e-002" type="0"/>
    <Peak1D F1="6.711748" intensity="3.226929e-002" type="0"/>
    <Peak1D F1="6.702292" intensity="4.864232e-002" type="0"/>
    <Peak1D F1="6.683729" intensity="3.947689e-002" type="0"/>
    <Peak1D F1="6.665616" intensity="1.033135e-001" type="0"/>
    <Peak1D F1="6.645255" intensity="1.221071e-001" type="0"/>
    <Peak1D F1="6.637620" intensity="1.328704e-001" type="0"/>
    <Peak1D F1="6.616159" intensity="3.665956e+000" type="0"/>
    <Peak1D F1="6.595774" intensity="3.279959e+000" type="0"/>
    <Peak1D F1="6.566078" intensity="9.049925e-002" type="0"/>
    <Peak1D F1="6.545770" intensity="8.093853e-002" type="0"/>
    <Peak1D F1="6.525156" intensity="3.197553e-001" type="0"/>
    <Peak1D F1="6.504517" intensity="2.826645e-001" type="0"/>
    <Peak1D F1="6.497993" intensity="5.310455e-002" type="0"/>
    <Peak1D F1="6.491550" intensity="6.920999e-002" type="0"/>
    <Peak1D F1="6.486270" intensity="5.178966e-002" type="0"/>
    <Peak1D F1="6.470843" intensity="6.047605e-002" type="0"/>
    <Peak1D F1="6.464976" intensity="3.186365e-002" type="0"/>
    <Peak1D F1="6.455224" intensity="1.077583e-002" type="0"/>
    <Peak1D F1="6.414770" intensity="2.178783e-002" type="0"/>
    <Peak1D F1="6.398936" intensity="1.639472e-002" type="0"/>
    <Peak1D F1="6.392804" intensity="1.574901e-002" type="0"/>
    <Peak1D F1="6.372863" intensity="4.990832e-003" type="0"/>
    <Peak1D F1="6.347163" intensity="2.725259e-003" type="0"/>
    <Peak1D F1="6.329797" intensity="3.240998e-003" type="0"/>
    <Peak1D F1="6.301096" intensity="4.339823e-003" type="0"/>
    <Peak1D F1="6.291964" intensity="4.768081e-003" type="0"/>
    <Peak1D F1="6.280541" intensity="5.828849e-003" type="0"/>
    <Peak1D F1="6.242640" intensity="2.364595e-003" type="0"/>
    <Peak1D F1="6.218542" intensity="3.011174e-002" type="0"/>
    <Peak1D F1="6.195851" intensity="9.606556e-004" type="0"/>
    <Peak1D F1="6.168922" intensity="7.537404e-004" type="0"/>
    <Peak1D F1="6.151505" intensity="7.887029e-004" type="0"/>
    <Peak1D F1="6.122077" intensity="8.813863e-004" type="0"/>
    <Peak1D F1="6.057238" intensity="8.205104e-004" type="0"/>
    <Peak1D F1="5.932381" intensity="1.705369e-003" type="0"/>
    <Peak1D F1="5.923959" intensity="1.573408e-003" type="0"/>
    <Peak1D F1="5.870534" intensity="2.691727e-003" type="0"/>
    <Peak1D F1="5.533060" intensity="1.345441e-002" type="0"/>
    <Peak1D F1="5.266713" intensity="1.886114e-003" type="0"/>
    <Peak1D F1="5.006337" intensity="2.712876e-003" type="0"/>
    <Peak1D F1="4.982816" intensity="1.264939e-003" type="0"/>
    <Peak1D F1="4.634156" intensity="1.692201e-003" type="0"/>
    <Peak1D F1="4.467731" intensity="1.020936e-003" type="0"/>
    <Peak1D F1="4.429441" intensity="7.898464e-003" type="0"/>
    <Peak1D F1="4.382352" intensity="7.909455e-003" type="0"/>
    <Peak1D F1="4.332493" intensity="1.131561e-003" type="0"/>
    <Peak1D F1="4.286639" intensity="1.375868e-003" type="0"/>
    <Peak1D F1="4.244735" intensity="1.418144e-003" type="0"/>
    <Peak1D F1="4.193412" intensity="2.375973e-003" type="0"/>
    <Peak1D F1="4.167758" intensity="1.918920e-003" type="0"/>
    <Peak1D F1="4.147028" intensity="2.250434e-003" type="0"/>
    <Peak1D F1="4.105656" intensity="3.090980e-003" type="0"/>
    <Peak1D F1="4.072572" intensity="4.120280e-003" type="0"/>
    <Peak1D F1="4.044907" intensity="3.385650e-003" type="0"/>
    <Peak1D F1="4.009104" intensity="3.524575e-003" type="0"/>
    <Peak1D F1="3.995916" intensity="4.883058e-003" type="0"/>
    <Peak1D F1="3.954040" intensity="2.041752e-002" type="0"/>
    <Peak1D F1="3.946808" intensity="8.331276e-002" type="0"/>
    <Peak1D F1="3.895750" intensity="1.387743e-002" type="0"/>
    <Peak1D F1="3.886524" intensity="1.522138e-002" type="0"/>
    <Peak1D F1="3.873276" intensity="1.929744e-002" type="0"/>
    <Peak1D F1="3.866421" intensity="2.366097e-002" type="0"/>
    <Peak1D F1="3.853836" intensity="2.466141e-002" type="0"/>
    <Peak1D F1="3.825218" intensity="8.484421e-002" type="0"/>
    <Peak1D F1="3.818754" intensity="2.960440e-001" type="0"/>
    <Peak1D F1="3.808577" intensity="8.907587e-002" type="0"/>
    <Peak1D F1="3.775746" intensity="3.151307e+000" type="0"/>
    <Peak1D F1="3.769150" intensity="1.482610e+001" type="0"/>
    <Peak1D F1="3.751334" intensity="2.019793e-001" type="0"/>
    <Peak1D F1="3.745202" intensity="9.131486e-002" type="0"/>
    <Peak1D F1="3.737296" intensity="1.179802e-001" type="0"/>
    <Peak1D F1="3.725812" intensity="9.878313e-002" type="0"/>
    <Peak1D F1="3.719502" intensity="3.528192e-001" type="0"/>
    <Peak1D F1="3.710701" intensity="2.468512e-001" type="0"/>
    <Peak1D F1="3.702549" intensity="8.252033e-002" type="0"/>
    <Peak1D F1="3.689112" intensity="6.162905e-002" type="0"/>
    <Peak1D F1="3.678077" intensity="4.219896e-002" type="0"/>
    <Peak1D F1="3.663664" intensity="1.309232e-001" type="0"/>
    <Peak1D F1="3.659049" intensity="2.224593e-001" type="0"/>
    <Peak1D F1="3.640084" intensity="3.035816e-002" type="0"/>
    <Peak1D F1="3.623430" intensity="2.794985e-002" type="0"/>
    <Peak1D F1="3.618855" intensity="1.911934e-002" type="0"/>
    <Peak1D F1="3.609560" intensity="1.748766e-002" type="0"/>
    <Peak1D F1="3.601464" intensity="2.140957e-002" type="0"/>
    <Peak1D F1="3.592784" intensity="2.977385e-002" type="0"/>
    <Peak1D F1="3.586635" intensity="9.047382e-002" type="0"/>
    <Peak1D F1="3.555061" intensity="1.667880e-002" type="0"/>
    <Peak1D F1="3.536951" intensity="1.804797e-002" type="0"/>
    <Peak1D F1="3.514441" intensity="1.902922e-002" type="0"/>
    <Peak1D F1="3.479723" intensity="1.759761e-002" type="0"/>
    <Peak1D F1="3.369503" intensity="6.129758e-003" type="0"/>
    <Peak1D F1="3.286671" intensity="3.728854e-003" type="0"/>
    <Peak1D F1="3.267402" intensity="4.018103e-003" type="0"/>
    <Peak1D F1="3.225193" intensity="3.070369e-003" type="0"/>
    <Peak1D F1="3.133913" intensity="1.792012e-003" type="0"/>
    <Peak1D F1="3.126554" intensity="1.633388e-003" type="0"/>
    <Peak1D F1="3.119155" intensity="2.118255e-003" type="0"/>
    <Peak1D F1="3.084174" intensity="1.455538e-003" type="0"/>
    <Peak1D F1="3.039186" intensity="1.181067e-003" type="0"/>
    <Peak1D F1="2.995581" intensity="1.328124e-003" type="0"/>
    <Peak1D F1="2.981397" intensity="1.505647e-003" type="0"/>
    <Peak1D F1="2.964076" intensity="1.865886e-003" type="0"/>
    <Peak1D F1="2.948643" intensity="1.441554e-003" type="0"/>
    <Peak1D F1="2.929199" intensity="1.270681e-003" type="0"/>
    <Peak1D F1="2.909137" intensity="1.410201e-003" type="0"/>
    <Peak1D F1="2.895719" intensity="1.402313e-003" type="0"/>
    <Peak1D F1="2.873479" intensity="1.267167e-003" type="0"/>
    <Peak1D F1="2.851532" intensity="1.297265e-003" type="0"/>
    <Peak1D F1="2.835524" intensity="1.624403e-003" type="0"/>
    <Peak1D F1="2.799487" intensity="1.416539e-003" type="0"/>
    <Peak1D F1="2.777468" intensity="1.849558e-003" type="0"/>
    <Peak1D F1="2.720494" intensity="5.279603e-003" type="0"/>
    <Peak1D F1="2.671729" intensity="2.294835e-003" type="0"/>
    <Peak1D F1="2.640386" intensity="2.904536e-003" type="0"/>
    <Peak1D F1="2.624964" intensity="1.506220e-002" type="0"/>
    <Peak1D F1="2.570915" intensity="5.360978e-003" type="0"/>
    <Peak1D F1="2.533014" intensity="8.609854e-003" type="0"/>
    <Peak1D F1="2.517064" intensity="4.494163e-002" type="0"/>
    <Peak1D F1="2.486157" intensity="1.168867e-001" type="0"/>
    <Peak1D F1="2.483679" intensity="1.242680e-001" type="0"/>
    <Peak1D F1="2.467407" intensity="2.339998e+000" type="0"/>
    <Peak1D F1="2.434979" intensity="1.264749e-002" type="0"/>
    <Peak1D F1="2.412985" intensity="2.576024e-001" type="0"/>
    <Peak1D F1="2.362341" intensity="2.541051e-002" type="0"/>
    <Peak1D F1="2.353728" intensity="2.476529e-002" type="0"/>
    <Peak1D F1="2.343385" intensity="3.069465e-002" type="0"/>
    <Peak1D F1="2.306519" intensity="2.433642e-001" type="0"/>
    <Peak1D F1="2.257027" intensity="1.046393e+001" type="0"/>
    <Peak1D F1="2.224854" intensity="9.243056e-002" type="0"/>
    <Peak1D F1="2.207379" intensity="3.044716e-001" type="0"/>
    <Peak1D F1="2.191401" intensity="8.600876e-002" type="0"/>
    <Peak1D F1="2.174446" intensity="9.546839e-002" type="0"/>
    <Peak1D F1="2.161163" intensity="3.970785e-001" type="0"/>
    <Peak1D F1="2.150880" intensity="1.053990e+000" type="0"/>
    <Peak1D F1="2.111871" intensity="1.500000e+001" type="0"/>
    <Peak1D F1="2.061896" intensity="3.127913e-001" type="0"/>
    <Peak1D F1="2.041024" intensity="1.192426e-002" type="0"/>
    <Peak1D F1="2.030623" intensity="1.248499e-002" type="0"/>
    <Peak1D F1="2.017886" intensity="1.230786e-002" type="0"/>
    <Peak1D F1="2.000284" intensity="6.508300e-003" type="0"/>
    <Peak1D F1="1.991786" intensity="8.053677e-003" type="0"/>
    <Peak1D F1="1.973292" intensity="4.773514e-003" type="0"/>
    <Peak1D F1="1.965484" intensity="5.950120e-003" type="0"/>
    <Peak1D F1="1.950413" intensity="8.576690e-002" type="0"/>
    <Peak1D F1="1.901487" intensity="2.569674e-003" type="0"/>
    <Peak1D F1="1.883561" intensity="2.302078e-003" type="0"/>
    <Peak1D F1="1.868150" intensity="4.158000e-003" type="0"/>
    <Peak1D F1="1.804367" intensity="1.916739e-003" type="0"/>
    <Peak1D F1="1.776953" intensity="8.047535e-004" type="0"/>
    <Peak1D F1="1.748788" intensity="2.483875e-003" type="0"/>
    <Peak1D F1="1.736628" intensity="1.610092e-003" type="0"/>
    <Peak1D F1="1.699231" intensity="1.086284e-001" type="0"/>
    <Peak1D F1="1.648927" intensity="3.640898e-003" type="0"/>
    <Peak1D F1="1.596591" intensity="1.260970e-003" type="0"/>
    <Peak1D F1="1.556565" intensity="4.337176e-003" type="0"/>
    <Peak1D F1="1.540407" intensity="2.706312e-003" type="0"/>
    <Peak1D F1="1.513694" intensity="2.029941e-003" type="0"/>
    <Peak1D F1="1.394933" intensity="7.439186e-004" type="0"/>
    <Peak1D F1="1.382412" intensity="7.446161e-004" type="0"/>
    <Peak1D F1="1.222506" intensity="1.195885e-002" type="0"/>
    <Peak1D F1="1.177634" intensity="5.093360e-002" type="0"/>
    <Peak1D F1="1.156901" intensity="3.093722e-003" type="0"/>
    <Peak1D F1="1.126934" intensity="1.990797e-003" type="0"/>
    <Peak1D F1="0.818331" intensity="3.807128e-003" type="0"/>
    <Peak1D F1="0.802039" intensity="8.373346e-003" type="0"/>
    <Peak1D F1="0.784622" intensity="3.802915e-003" type="0"/>
    <Peak1D F1="0.758264" intensity="1.074091e-003" type="0"/>
    <Peak1D F1="0.049084" intensity="1.404420e-003" type="0"/>
    <Peak1D F1="0.014680" intensity="5.737176e-003" type="0"/>
    <Peak1D F1="-0.000152" intensity="5.652754e-002" type="0"/>
    <Peak1D F1="-0.025374" intensity="1.954532e-003" type="0"/>
    <Peak1D F1="-0.051365" intensity="1.074863e-003" type="0"/>
    <Peak1D F1="-3.214720" intensity="7.353084e-004" type="0"/>
  </PeakList1D>
</PeakList>
