<?xml version="1.0" encoding="UTF-8"?>
<PeakList>
  <PeakList1D>
    <PeakList1DHeader creator="nmr" date="2021-05-31T02:23:43.160+03:00" expNo="8" name="AM-025-A-ACRC-F__13C" owner="" procNo="1" source="//132.72.8.180/400b/Milo/Milo">
      <PeakPickDetails>F1=219.481201ppm, F2=-19.481190ppm, MI=0.00cm, MAXI=10000.00cm, PC=1.400
      </PeakPickDetails>
    </PeakList1DHeader>
    <Peak1D F1="162.733383" intensity="3.324952e+000" type="0"/>
    <Peak1D F1="162.233551" intensity="3.678514e+000" type="0"/>
    <Peak1D F1="142.993896" intensity="2.509305e+000" type="0"/>
    <Peak1D F1="139.394836" intensity="2.077289e+000" type="0"/>
    <Peak1D F1="138.273270" intensity="3.206614e+000" type="0"/>
    <Peak1D F1="131.872894" intensity="5.900433e+000" type="0"/>
    <Peak1D F1="129.718170" intensity="2.855249e+000" type="0"/>
    <Peak1D F1="129.409485" intensity="1.389901e+001" type="0"/>
    <Peak1D F1="129.203293" intensity="1.448409e+001" type="0"/>
    <Peak1D F1="126.557076" intensity="1.500000e+001" type="0"/>
    <Peak1D F1="126.490295" intensity="3.650815e+000" type="0"/>
    <Peak1D F1="126.118126" intensity="6.325172e+000" type="0"/>
    <Peak1D F1="124.878853" intensity="1.342918e+000" type="0"/>
    <Peak1D F1="124.310783" intensity="3.282069e+000" type="0"/>
    <Peak1D F1="113.539787" intensity="1.342087e+001" type="0"/>
    <Peak1D F1="77.348595" intensity="6.800621e+001" type="0"/>
    <Peak1D F1="77.234879" intensity="3.521099e+000" type="0"/>
    <Peak1D F1="77.031281" intensity="7.049715e+001" type="0"/>
    <Peak1D F1="76.713242" intensity="6.877650e+001" type="0"/>
    <Peak1D F1="55.361633" intensity="7.032464e+000" type="0"/>
    <Peak1D F1="21.549551" intensity="6.826093e+000" type="0"/>
  </PeakList1D>
</PeakList>
