<?xml version="1.0" encoding="UTF-8"?>
<PeakList>
  <PeakList1D>
    <PeakList1DHeader creator="nmr" date="2021-08-17T20:50:28.705+03:00" expNo="4" name="AM-035-A-mOMe-CNMR" owner="" procNo="1" source="//132.72.8.180/400b/Milo/Milo">
      <PeakPickDetails>F1=219.481201ppm, F2=-19.481190ppm, MI=0.00cm, MAXI=10000.00cm, PC=1.400
      </PeakPickDetails>
    </PeakList1DHeader>
    <Peak1D F1="162.624908" intensity="2.903969e+000" type="0"/>
    <Peak1D F1="162.285538" intensity="4.028212e+000" type="0"/>
    <Peak1D F1="160.114594" intensity="4.105756e+000" type="0"/>
    <Peak1D F1="142.973343" intensity="2.517265e+000" type="0"/>
    <Peak1D F1="139.447708" intensity="1.671655e+000" type="0"/>
    <Peak1D F1="139.346451" intensity="3.890288e+000" type="0"/>
    <Peak1D F1="131.712280" intensity="5.017116e+000" type="0"/>
    <Peak1D F1="129.845108" intensity="6.398206e+000" type="0"/>
    <Peak1D F1="129.691605" intensity="1.022419e+000" type="0"/>
    <Peak1D F1="129.400787" intensity="1.387769e+001" type="0"/>
    <Peak1D F1="126.563614" intensity="1.500000e+001" type="0"/>
    <Peak1D F1="126.475281" intensity="9.483478e-001" type="0"/>
    <Peak1D F1="125.061768" intensity="1.072630e+000" type="0"/>
    <Peak1D F1="116.458252" intensity="1.068628e+000" type="0"/>
    <Peak1D F1="113.576065" intensity="1.235562e+001" type="0"/>
    <Peak1D F1="112.002052" intensity="6.180050e+000" type="0"/>
    <Peak1D F1="109.702934" intensity="8.974275e-001" type="0"/>
    <Peak1D F1="78.279694" intensity="4.732971e-001" type="0"/>
    <Peak1D F1="77.359779" intensity="3.820554e+001" type="0"/>
    <Peak1D F1="77.041824" intensity="3.834246e+001" type="0"/>
    <Peak1D F1="76.724609" intensity="3.808713e+001" type="0"/>
    <Peak1D F1="55.378166" intensity="6.955339e+000" type="0"/>
    <Peak1D F1="55.278538" intensity="7.127467e+000" type="0"/>
    <Peak1D F1="21.535778" intensity="6.415115e+000" type="0"/>
  </PeakList1D>
</PeakList>
