<?xml version="1.0" encoding="UTF-8"?>
<PeakList>
  <PeakList1D>
    <PeakList1DHeader creator="nmr" date="2021-11-01T13:02:28.822+02:00" expNo="1" name="AM-Ester" owner="" procNo="1" source="//132.72.8.180/400b/Milo/Milo">
      <PeakPickDetails>F1=16.078970ppm, F2=-3.950075ppm, MI=0.00cm, MAXI=10000.00cm, PC=1.000
      </PeakPickDetails>
    </PeakList1DHeader>
    <Peak1D F1="13.834588" intensity="3.253916e-004" type="0"/>
    <Peak1D F1="13.662545" intensity="3.437595e-004" type="0"/>
    <Peak1D F1="9.211500" intensity="3.421488e-004" type="0"/>
    <Peak1D F1="9.022847" intensity="3.330246e-004" type="0"/>
    <Peak1D F1="8.958704" intensity="4.176280e-004" type="0"/>
    <Peak1D F1="8.930030" intensity="3.735659e-004" type="0"/>
    <Peak1D F1="8.921816" intensity="4.651397e-004" type="0"/>
    <Peak1D F1="8.888953" intensity="3.621532e-004" type="0"/>
    <Peak1D F1="8.816188" intensity="3.327314e-004" type="0"/>
    <Peak1D F1="8.778124" intensity="3.447389e-004" type="0"/>
    <Peak1D F1="8.729166" intensity="4.286719e-004" type="0"/>
    <Peak1D F1="8.701306" intensity="4.417387e-004" type="0"/>
    <Peak1D F1="8.681508" intensity="4.541026e-004" type="0"/>
    <Peak1D F1="8.654153" intensity="4.341851e-004" type="0"/>
    <Peak1D F1="8.634958" intensity="4.402830e-004" type="0"/>
    <Peak1D F1="8.629153" intensity="4.298040e-004" type="0"/>
    <Peak1D F1="8.608188" intensity="4.929717e-004" type="0"/>
    <Peak1D F1="8.584532" intensity="5.954313e-004" type="0"/>
    <Peak1D F1="8.556784" intensity="4.634487e-004" type="0"/>
    <Peak1D F1="8.517629" intensity="5.105961e-004" type="0"/>
    <Peak1D F1="8.489244" intensity="5.814282e-004" type="0"/>
    <Peak1D F1="8.470407" intensity="6.145657e-004" type="0"/>
    <Peak1D F1="8.451188" intensity="7.118752e-004" type="0"/>
    <Peak1D F1="8.407701" intensity="6.722287e-004" type="0"/>
    <Peak1D F1="8.337222" intensity="9.465517e-004" type="0"/>
    <Peak1D F1="8.273973" intensity="1.106668e-003" type="0"/>
    <Peak1D F1="8.214877" intensity="1.769176e-003" type="0"/>
    <Peak1D F1="8.168040" intensity="1.415895e-002" type="0"/>
    <Peak1D F1="8.164381" intensity="2.095457e-002" type="0"/>
    <Peak1D F1="8.144918" intensity="2.168173e-002" type="0"/>
    <Peak1D F1="8.061463" intensity="9.513129e-003" type="0"/>
    <Peak1D F1="8.013862" intensity="9.559350e-002" type="0"/>
    <Peak1D F1="8.012406" intensity="9.115392e-002" type="0"/>
    <Peak1D F1="7.994000" intensity="1.166297e-001" type="0"/>
    <Peak1D F1="7.963781" intensity="3.862132e+000" type="0"/>
    <Peak1D F1="7.962012" intensity="3.686562e+000" type="0"/>
    <Peak1D F1="7.943934" intensity="4.277916e+000" type="0"/>
    <Peak1D F1="7.940378" intensity="3.088223e+000" type="0"/>
    <Peak1D F1="7.913756" intensity="7.422627e-002" type="0"/>
    <Peak1D F1="7.912171" intensity="7.130469e-002" type="0"/>
    <Peak1D F1="7.893865" intensity="7.023923e-002" type="0"/>
    <Peak1D F1="7.890745" intensity="5.247134e-002" type="0"/>
    <Peak1D F1="7.844587" intensity="2.395087e-003" type="0"/>
    <Peak1D F1="7.841259" intensity="2.249546e-003" type="0"/>
    <Peak1D F1="7.808153" intensity="1.896428e-003" type="0"/>
    <Peak1D F1="7.787875" intensity="1.810856e-003" type="0"/>
    <Peak1D F1="7.757241" intensity="2.060767e-002" type="0"/>
    <Peak1D F1="7.752843" intensity="1.182871e-002" type="0"/>
    <Peak1D F1="7.736273" intensity="1.976737e-002" type="0"/>
    <Peak1D F1="7.705552" intensity="1.672586e-003" type="0"/>
    <Peak1D F1="7.673321" intensity="5.941936e-003" type="0"/>
    <Peak1D F1="7.670533" intensity="5.258317e-003" type="0"/>
    <Peak1D F1="7.654521" intensity="1.164846e-002" type="0"/>
    <Peak1D F1="7.652023" intensity="9.999599e-003" type="0"/>
    <Peak1D F1="7.636084" intensity="7.586068e-003" type="0"/>
    <Peak1D F1="7.633358" intensity="6.475925e-003" type="0"/>
    <Peak1D F1="7.560706" intensity="1.414894e-002" type="0"/>
    <Peak1D F1="7.557069" intensity="1.297305e-002" type="0"/>
    <Peak1D F1="7.541867" intensity="2.780100e-002" type="0"/>
    <Peak1D F1="7.526496" intensity="3.001144e-002" type="0"/>
    <Peak1D F1="7.523382" intensity="3.379569e-002" type="0"/>
    <Peak1D F1="7.520731" intensity="2.995497e-002" type="0"/>
    <Peak1D F1="7.517385" intensity="2.574864e-002" type="0"/>
    <Peak1D F1="7.507199" intensity="4.600561e-002" type="0"/>
    <Peak1D F1="7.500241" intensity="3.068321e-002" type="0"/>
    <Peak1D F1="7.479264" intensity="5.345227e-001" type="0"/>
    <Peak1D F1="7.476323" intensity="7.429171e-001" type="0"/>
    <Peak1D F1="7.473529" intensity="6.365160e-001" type="0"/>
    <Peak1D F1="7.470329" intensity="3.289759e-001" type="0"/>
    <Peak1D F1="7.457300" intensity="1.759150e+000" type="0"/>
    <Peak1D F1="7.450467" intensity="4.418095e-001" type="0"/>
    <Peak1D F1="7.442210" intensity="9.907398e-001" type="0"/>
    <Peak1D F1="7.439267" intensity="1.323680e+000" type="0"/>
    <Peak1D F1="7.436458" intensity="1.075341e+000" type="0"/>
    <Peak1D F1="7.433392" intensity="4.406066e-001" type="0"/>
    <Peak1D F1="7.408833" intensity="8.626872e-002" type="0"/>
    <Peak1D F1="7.390034" intensity="1.130913e-001" type="0"/>
    <Peak1D F1="7.358984" intensity="2.462563e+000" type="0"/>
    <Peak1D F1="7.340213" intensity="3.710451e+000" type="0"/>
    <Peak1D F1="7.321103" intensity="1.550486e+000" type="0"/>
    <Peak1D F1="7.319624" intensity="1.495623e+000" type="0"/>
    <Peak1D F1="7.290435" intensity="6.635592e-002" type="0"/>
    <Peak1D F1="7.271160" intensity="3.492774e-002" type="0"/>
    <Peak1D F1="7.251487" intensity="1.257664e-002" type="0"/>
    <Peak1D F1="7.233887" intensity="6.326721e-003" type="0"/>
    <Peak1D F1="7.230861" intensity="5.649273e-003" type="0"/>
    <Peak1D F1="7.223186" intensity="1.153671e-002" type="0"/>
    <Peak1D F1="7.204816" intensity="3.149208e-003" type="0"/>
    <Peak1D F1="7.173126" intensity="5.421512e-001" type="0"/>
    <Peak1D F1="7.158654" intensity="1.194394e-002" type="0"/>
    <Peak1D F1="7.156130" intensity="1.425920e-002" type="0"/>
    <Peak1D F1="7.139867" intensity="1.720435e-002" type="0"/>
    <Peak1D F1="7.137609" intensity="2.181637e-002" type="0"/>
    <Peak1D F1="7.135154" intensity="1.654887e-002" type="0"/>
    <Peak1D F1="7.122849" intensity="1.226743e-002" type="0"/>
    <Peak1D F1="7.119146" intensity="1.101179e-002" type="0"/>
    <Peak1D F1="7.116406" intensity="8.305085e-003" type="0"/>
    <Peak1D F1="7.089206" intensity="6.349918e-004" type="0"/>
    <Peak1D F1="6.908834" intensity="2.762815e-003" type="0"/>
    <Peak1D F1="5.342592" intensity="3.625673e-004" type="0"/>
    <Peak1D F1="5.273858" intensity="5.500051e-004" type="0"/>
    <Peak1D F1="5.260512" intensity="6.962215e-004" type="0"/>
    <Peak1D F1="5.244660" intensity="4.663168e-004" type="0"/>
    <Peak1D F1="5.225681" intensity="3.538538e-004" type="0"/>
    <Peak1D F1="5.101344" intensity="3.461331e-004" type="0"/>
    <Peak1D F1="4.922107" intensity="3.456773e-004" type="0"/>
    <Peak1D F1="4.727818" intensity="3.694750e-004" type="0"/>
    <Peak1D F1="4.710219" intensity="4.514615e-004" type="0"/>
    <Peak1D F1="4.705691" intensity="4.055096e-004" type="0"/>
    <Peak1D F1="4.681845" intensity="4.120523e-004" type="0"/>
    <Peak1D F1="4.668181" intensity="4.828796e-004" type="0"/>
    <Peak1D F1="4.636205" intensity="4.268245e-004" type="0"/>
    <Peak1D F1="4.608930" intensity="4.285725e-004" type="0"/>
    <Peak1D F1="4.599075" intensity="4.559664e-004" type="0"/>
    <Peak1D F1="4.586319" intensity="4.436455e-004" type="0"/>
    <Peak1D F1="4.558871" intensity="4.605472e-004" type="0"/>
    <Peak1D F1="4.543702" intensity="4.201912e-004" type="0"/>
    <Peak1D F1="4.510944" intensity="5.186790e-004" type="0"/>
    <Peak1D F1="4.493782" intensity="5.290612e-004" type="0"/>
    <Peak1D F1="4.478668" intensity="4.430383e-004" type="0"/>
    <Peak1D F1="4.458852" intensity="4.583890e-004" type="0"/>
    <Peak1D F1="4.448556" intensity="5.209316e-004" type="0"/>
    <Peak1D F1="4.433351" intensity="5.297470e-004" type="0"/>
    <Peak1D F1="4.398757" intensity="6.506883e-004" type="0"/>
    <Peak1D F1="4.363703" intensity="8.627172e-004" type="0"/>
    <Peak1D F1="4.318899" intensity="7.758708e-004" type="0"/>
    <Peak1D F1="4.295185" intensity="8.132021e-004" type="0"/>
    <Peak1D F1="4.269022" intensity="7.495259e-004" type="0"/>
    <Peak1D F1="4.238357" intensity="8.181444e-004" type="0"/>
    <Peak1D F1="4.219315" intensity="1.053010e-003" type="0"/>
    <Peak1D F1="4.185648" intensity="1.160284e-003" type="0"/>
    <Peak1D F1="4.166000" intensity="1.101610e-003" type="0"/>
    <Peak1D F1="4.155167" intensity="1.368040e-003" type="0"/>
    <Peak1D F1="4.125565" intensity="1.510974e-003" type="0"/>
    <Peak1D F1="4.083648" intensity="1.953438e-003" type="0"/>
    <Peak1D F1="4.052626" intensity="3.560672e-003" type="0"/>
    <Peak1D F1="4.002635" intensity="9.580944e-002" type="0"/>
    <Peak1D F1="4.000406" intensity="7.319576e-002" type="0"/>
    <Peak1D F1="3.979103" intensity="5.615593e-003" type="0"/>
    <Peak1D F1="3.950238" intensity="9.744391e-003" type="0"/>
    <Peak1D F1="3.941540" intensity="1.124465e-002" type="0"/>
    <Peak1D F1="3.919273" intensity="1.889512e-002" type="0"/>
    <Peak1D F1="3.875614" intensity="2.174890e-001" type="0"/>
    <Peak1D F1="3.871519" intensity="2.802323e-001" type="0"/>
    <Peak1D F1="3.869367" intensity="2.629347e-001" type="0"/>
    <Peak1D F1="3.821426" intensity="1.500000e+001" type="0"/>
    <Peak1D F1="3.819063" intensity="1.167683e+001" type="0"/>
    <Peak1D F1="3.790179" intensity="4.292746e-002" type="0"/>
    <Peak1D F1="3.771568" intensity="2.341699e-001" type="0"/>
    <Peak1D F1="3.769337" intensity="1.987185e-001" type="0"/>
    <Peak1D F1="3.739313" intensity="5.573610e-003" type="0"/>
    <Peak1D F1="3.736871" intensity="5.417033e-003" type="0"/>
    <Peak1D F1="3.726042" intensity="4.265835e-003" type="0"/>
    <Peak1D F1="3.722419" intensity="4.110915e-003" type="0"/>
    <Peak1D F1="3.719788" intensity="3.151732e-003" type="0"/>
    <Peak1D F1="3.715460" intensity="3.166051e-003" type="0"/>
    <Peak1D F1="3.685607" intensity="2.982281e-003" type="0"/>
    <Peak1D F1="3.670186" intensity="2.598687e-003" type="0"/>
    <Peak1D F1="3.635140" intensity="9.211092e-002" type="0"/>
    <Peak1D F1="3.632896" intensity="7.071401e-002" type="0"/>
    <Peak1D F1="3.602813" intensity="2.725824e-003" type="0"/>
    <Peak1D F1="3.585071" intensity="2.482363e-003" type="0"/>
    <Peak1D F1="3.568739" intensity="7.030047e-004" type="0"/>
    <Peak1D F1="3.534986" intensity="3.757812e-004" type="0"/>
    <Peak1D F1="3.294801" intensity="4.676940e-004" type="0"/>
    <Peak1D F1="2.542805" intensity="7.730969e-004" type="0"/>
    <Peak1D F1="2.508917" intensity="6.274551e-004" type="0"/>
    <Peak1D F1="2.141217" intensity="5.424641e-004" type="0"/>
    <Peak1D F1="2.123074" intensity="1.073124e-003" type="0"/>
    <Peak1D F1="2.111403" intensity="3.471917e-004" type="0"/>
    <Peak1D F1="2.103120" intensity="6.419765e-004" type="0"/>
    <Peak1D F1="1.980133" intensity="3.870443e-004" type="0"/>
    <Peak1D F1="1.930465" intensity="1.007085e-003" type="0"/>
    <Peak1D F1="1.918683" intensity="8.848094e-004" type="0"/>
    <Peak1D F1="1.870600" intensity="3.483642e-004" type="0"/>
    <Peak1D F1="1.802445" intensity="3.731934e-004" type="0"/>
    <Peak1D F1="1.755933" intensity="9.247774e-004" type="0"/>
    <Peak1D F1="1.721712" intensity="1.651519e-002" type="0"/>
    <Peak1D F1="1.704755" intensity="2.599854e-002" type="0"/>
    <Peak1D F1="1.697129" intensity="2.574326e-002" type="0"/>
    <Peak1D F1="1.665640" intensity="2.969754e-002" type="0"/>
    <Peak1D F1="1.637732" intensity="1.043525e-002" type="0"/>
    <Peak1D F1="1.567695" intensity="8.094861e-004" type="0"/>
    <Peak1D F1="1.547995" intensity="6.083985e-004" type="0"/>
    <Peak1D F1="1.527123" intensity="5.541210e-004" type="0"/>
    <Peak1D F1="1.309379" intensity="3.486619e-004" type="0"/>
    <Peak1D F1="1.260287" intensity="8.729749e-004" type="0"/>
    <Peak1D F1="1.216311" intensity="3.121338e-003" type="0"/>
    <Peak1D F1="1.179561" intensity="3.220594e-003" type="0"/>
    <Peak1D F1="1.170429" intensity="3.208468e-003" type="0"/>
    <Peak1D F1="1.140107" intensity="1.076046e-003" type="0"/>
    <Peak1D F1="1.122350" intensity="8.466519e-004" type="0"/>
    <Peak1D F1="1.085073" intensity="3.536391e-004" type="0"/>
    <Peak1D F1="0.843168" intensity="3.760769e-004" type="0"/>
    <Peak1D F1="0.810552" intensity="9.202824e-004" type="0"/>
    <Peak1D F1="0.794040" intensity="1.876549e-003" type="0"/>
    <Peak1D F1="0.775968" intensity="1.038039e-003" type="0"/>
    <Peak1D F1="0.736315" intensity="3.554978e-004" type="0"/>
    <Peak1D F1="0.480593" intensity="3.768439e-004" type="0"/>
    <Peak1D F1="0.472888" intensity="3.698603e-004" type="0"/>
    <Peak1D F1="0.440857" intensity="3.478706e-004" type="0"/>
    <Peak1D F1="0.363491" intensity="3.535961e-004" type="0"/>
    <Peak1D F1="0.249536" intensity="3.425357e-004" type="0"/>
    <Peak1D F1="-0.000155" intensity="8.925766e-003" type="0"/>
    <Peak1D F1="-3.191095" intensity="3.400049e-004" type="0"/>
    <Peak1D F1="-3.512787" intensity="3.473279e-004" type="0"/>
  </PeakList1D>
</PeakList>
