<?xml version="1.0" encoding="UTF-8"?>
<PeakList>
  <PeakList1D>
    <PeakList1DHeader creator="nmr" date="2021-09-27T21:05:10.845+03:00" expNo="4" name="AM-130-Enamine-2-13C" owner="" procNo="1" source="\\132.72.8.180\400b\Milo\Milo">
      <PeakPickDetails>F1=219.481201ppm, F2=-19.481190ppm, MI=0.00cm, MAXI=10000.00cm, PC=1.400
      </PeakPickDetails>
    </PeakList1DHeader>
    <Peak1D F1="200.820908" intensity="5.104930e-001" type="0"/>
    <Peak1D F1="148.091827" intensity="3.770702e-001" type="0"/>
    <Peak1D F1="147.412399" intensity="2.616751e+000" type="0"/>
    <Peak1D F1="139.020813" intensity="2.392931e+000" type="0"/>
    <Peak1D F1="136.955673" intensity="6.810508e-001" type="0"/>
    <Peak1D F1="132.864594" intensity="2.650788e+000" type="0"/>
    <Peak1D F1="129.772446" intensity="1.463682e+001" type="0"/>
    <Peak1D F1="129.199005" intensity="8.179435e-001" type="0"/>
    <Peak1D F1="128.875046" intensity="5.094438e-001" type="0"/>
    <Peak1D F1="128.768524" intensity="4.930955e-001" type="0"/>
    <Peak1D F1="128.662201" intensity="4.329161e-001" type="0"/>
    <Peak1D F1="128.604156" intensity="6.998684e-001" type="0"/>
    <Peak1D F1="128.553268" intensity="4.984637e+000" type="0"/>
    <Peak1D F1="128.386932" intensity="5.093739e-001" type="0"/>
    <Peak1D F1="128.262604" intensity="8.785310e-001" type="0"/>
    <Peak1D F1="127.980957" intensity="4.285820e+000" type="0"/>
    <Peak1D F1="127.780724" intensity="1.500000e+001" type="0"/>
    <Peak1D F1="127.653038" intensity="1.523958e+000" type="0"/>
    <Peak1D F1="126.978554" intensity="7.528139e+000" type="0"/>
    <Peak1D F1="126.905838" intensity="8.115420e-001" type="0"/>
    <Peak1D F1="126.833504" intensity="7.261323e-001" type="0"/>
    <Peak1D F1="126.293564" intensity="3.900495e-001" type="0"/>
    <Peak1D F1="112.707787" intensity="7.097917e-001" type="0"/>
    <Peak1D F1="99.767403" intensity="5.977894e+000" type="0"/>
    <Peak1D F1="77.333656" intensity="1.774865e+001" type="0"/>
    <Peak1D F1="77.218979" intensity="1.138305e+000" type="0"/>
    <Peak1D F1="77.016426" intensity="1.831068e+001" type="0"/>
    <Peak1D F1="76.698402" intensity="1.810571e+001" type="0"/>
    <Peak1D F1="45.488895" intensity="1.346045e+000" type="0"/>
    <Peak1D F1="43.753937" intensity="2.041769e+000" type="0"/>
    <Peak1D F1="43.106453" intensity="6.871617e-001" type="0"/>
    <Peak1D F1="43.003960" intensity="1.310192e+001" type="0"/>
    <Peak1D F1="31.788111" intensity="2.221364e+000" type="0"/>
    <Peak1D F1="21.790077" intensity="3.402487e-001" type="0"/>
    <Peak1D F1="16.342882" intensity="3.842550e-001" type="0"/>
    <Peak1D F1="14.879300" intensity="1.282935e+000" type="0"/>
    <Peak1D F1="14.241216" intensity="7.614464e-001" type="0"/>
    <Peak1D F1="13.945597" intensity="6.071994e+000" type="0"/>
    <Peak1D F1="13.904761" intensity="1.660595e+000" type="0"/>
    <Peak1D F1="11.544510" intensity="1.410686e+001" type="0"/>
    <Peak1D F1="10.800213" intensity="4.975894e-001" type="0"/>
    <Peak1D F1="8.247407" intensity="2.166475e+000" type="0"/>
  </PeakList1D>
</PeakList>
