<?xml version="1.0" encoding="UTF-8"?>
<PeakList>
  <PeakList1D>
    <PeakList1DHeader creator="nmr" date="2021-10-29T18:29:30.209+03:00" expNo="4" name="AM-170-3,5-diF-13C" owner="" procNo="1" source="//132.72.8.180/400b/Milo/Milo">
      <PeakPickDetails>F1=219.481201ppm, F2=-19.481190ppm, MI=0.00cm, MAXI=10000.00cm, PC=1.400
      </PeakPickDetails>
    </PeakList1DHeader>
    <Peak1D F1="163.668671" intensity="1.282414e+000" type="0"/>
    <Peak1D F1="163.545670" intensity="1.183747e+000" type="0"/>
    <Peak1D F1="161.176895" intensity="1.127942e+000" type="0"/>
    <Peak1D F1="161.055649" intensity="1.112890e+000" type="0"/>
    <Peak1D F1="160.489548" intensity="5.819851e-001" type="0"/>
    <Peak1D F1="143.536789" intensity="1.178025e+000" type="0"/>
    <Peak1D F1="138.705170" intensity="7.103557e-001" type="0"/>
    <Peak1D F1="137.087341" intensity="1.053113e+000" type="0"/>
    <Peak1D F1="136.234421" intensity="5.985974e-001" type="0"/>
    <Peak1D F1="134.470413" intensity="3.602751e+000" type="0"/>
    <Peak1D F1="130.070465" intensity="1.019329e+001" type="0"/>
    <Peak1D F1="129.567215" intensity="1.173718e+001" type="0"/>
    <Peak1D F1="126.635445" intensity="1.500000e+001" type="0"/>
    <Peak1D F1="124.588814" intensity="9.590228e-001" type="0"/>
    <Peak1D F1="113.009109" intensity="1.186100e+000" type="0"/>
    <Peak1D F1="112.747910" intensity="1.083591e+000" type="0"/>
    <Peak1D F1="106.902992" intensity="1.683720e+000" type="0"/>
    <Peak1D F1="106.653748" intensity="3.167340e+000" type="0"/>
    <Peak1D F1="106.404167" intensity="1.630483e+000" type="0"/>
    <Peak1D F1="77.344666" intensity="6.355482e+001" type="0"/>
    <Peak1D F1="77.229874" intensity="3.455378e+000" type="0"/>
    <Peak1D F1="77.026558" intensity="6.433463e+001" type="0"/>
    <Peak1D F1="76.709557" intensity="6.365211e+001" type="0"/>
    <Peak1D F1="30.935965" intensity="3.577121e-001" type="0"/>
    <Peak1D F1="29.706984" intensity="3.107551e-001" type="0"/>
    <Peak1D F1="21.587097" intensity="6.210137e+000" type="0"/>
    <Peak1D F1="20.947702" intensity="5.729831e+000" type="0"/>
    <Peak1D F1="1.027907" intensity="2.910775e-001" type="0"/>
  </PeakList1D>
</PeakList>
