<?xml version="1.0" encoding="UTF-8"?>
<PeakList>
  <PeakList1D>
    <PeakList1DHeader creator="nmr" date="2021-08-17T19:29:59.041+03:00" expNo="10" name="AM-032-OMe-CNMR" owner="" procNo="1" source="//132.72.8.180/400b/Milo/Milo">
      <PeakPickDetails>F1=219.481201ppm, F2=-19.481190ppm, MI=0.00cm, MAXI=10000.00cm, PC=1.400
      </PeakPickDetails>
    </PeakList1DHeader>
    <Peak1D F1="163.206879" intensity="3.088195e+000" type="0"/>
    <Peak1D F1="162.189392" intensity="3.643867e+000" type="0"/>
    <Peak1D F1="143.000244" intensity="3.232410e+000" type="0"/>
    <Peak1D F1="139.384048" intensity="2.527035e+000" type="0"/>
    <Peak1D F1="137.017868" intensity="3.030841e+000" type="0"/>
    <Peak1D F1="132.463654" intensity="2.874321e+000" type="0"/>
    <Peak1D F1="131.743515" intensity="1.103145e+001" type="0"/>
    <Peak1D F1="131.070724" intensity="7.341940e+000" type="0"/>
    <Peak1D F1="129.419464" intensity="1.386219e+001" type="0"/>
    <Peak1D F1="126.978798" intensity="6.932110e+000" type="0"/>
    <Peak1D F1="126.694336" intensity="7.745425e+000" type="0"/>
    <Peak1D F1="126.586609" intensity="1.500000e+001" type="0"/>
    <Peak1D F1="126.533203" intensity="5.527223e+000" type="0"/>
    <Peak1D F1="124.924561" intensity="2.480472e+000" type="0"/>
    <Peak1D F1="113.397598" intensity="1.289605e+001" type="0"/>
    <Peak1D F1="77.340088" intensity="1.079813e+002" type="0"/>
    <Peak1D F1="77.226402" intensity="6.302245e+000" type="0"/>
    <Peak1D F1="77.023064" intensity="1.094557e+002" type="0"/>
    <Peak1D F1="76.704971" intensity="1.082638e+002" type="0"/>
    <Peak1D F1="55.322334" intensity="7.302305e+000" type="0"/>
    <Peak1D F1="21.546461" intensity="5.968029e+000" type="0"/>
    <Peak1D F1="17.947443" intensity="7.771476e+000" type="0"/>
  </PeakList1D>
</PeakList>
