<?xml version="1.0" encoding="UTF-8"?>
<PeakList>
  <PeakList1D>
    <PeakList1DHeader creator="nmr" date="2021-10-12T15:19:59.544+03:00" expNo="3" name="AM-140-S2-13C" owner="" procNo="1" source="//132.72.8.180/400b/Milo/Milo">
      <PeakPickDetails>F1=219.481201ppm, F2=-19.481190ppm, MI=0.00cm, MAXI=10000.00cm, PC=1.400
      </PeakPickDetails>
    </PeakList1DHeader>
    <Peak1D F1="164.140366" intensity="3.396635e+000" type="0"/>
    <Peak1D F1="155.859512" intensity="3.379738e+000" type="0"/>
    <Peak1D F1="148.299454" intensity="3.212365e+000" type="0"/>
    <Peak1D F1="132.562164" intensity="6.474026e+000" type="0"/>
    <Peak1D F1="132.014420" intensity="6.937344e+000" type="0"/>
    <Peak1D F1="131.296280" intensity="1.427514e+000" type="0"/>
    <Peak1D F1="131.049408" intensity="1.528318e+000" type="0"/>
    <Peak1D F1="130.210541" intensity="1.500000e+001" type="0"/>
    <Peak1D F1="128.695572" intensity="1.403134e+001" type="0"/>
    <Peak1D F1="126.940231" intensity="3.099787e+000" type="0"/>
    <Peak1D F1="122.537666" intensity="3.200508e+000" type="0"/>
    <Peak1D F1="112.843254" intensity="7.109043e+000" type="0"/>
    <Peak1D F1="77.345207" intensity="8.548551e+001" type="0"/>
    <Peak1D F1="77.229820" intensity="4.259938e+000" type="0"/>
    <Peak1D F1="77.027252" intensity="8.619073e+001" type="0"/>
    <Peak1D F1="76.710136" intensity="8.595007e+001" type="0"/>
    <Peak1D F1="56.213619" intensity="6.746127e+000" type="0"/>
    <Peak1D F1="40.535770" intensity="6.139125e+000" type="0"/>
    <Peak1D F1="35.778919" intensity="7.194631e+000" type="0"/>
  </PeakList1D>
</PeakList>
