<?xml version="1.0" encoding="UTF-8"?>
<PeakList>
  <PeakList1D>
    <PeakList1DHeader creator="nmr" date="2021-12-05T16:16:47.074+02:00" expNo="3" name="AM-165-ben-13C" owner="" procNo="1" source="\\132.72.8.180\400b\Milo\Milo">
      <PeakPickDetails>F1=219.481201ppm, F2=-19.481190ppm, MI=0.00cm, MAXI=10000.00cm, PC=1.400
      </PeakPickDetails>
    </PeakList1DHeader>
    <Peak1D F1="166.357895" intensity="1.327749e+000" type="0"/>
    <Peak1D F1="163.371536" intensity="1.417655e+000" type="0"/>
    <Peak1D F1="142.987579" intensity="1.298391e+000" type="0"/>
    <Peak1D F1="142.362946" intensity="1.307004e+000" type="0"/>
    <Peak1D F1="139.273926" intensity="1.049731e+000" type="0"/>
    <Peak1D F1="138.399719" intensity="1.593686e+000" type="0"/>
    <Peak1D F1="135.580170" intensity="1.217478e+000" type="0"/>
    <Peak1D F1="134.648895" intensity="1.407318e+000" type="0"/>
    <Peak1D F1="134.208862" intensity="1.171267e+000" type="0"/>
    <Peak1D F1="133.627274" intensity="1.219999e+000" type="0"/>
    <Peak1D F1="132.871521" intensity="1.551534e+000" type="0"/>
    <Peak1D F1="130.336288" intensity="5.629995e+000" type="0"/>
    <Peak1D F1="130.026962" intensity="4.996130e+000" type="0"/>
    <Peak1D F1="129.706116" intensity="5.736092e+000" type="0"/>
    <Peak1D F1="129.334641" intensity="1.122226e+001" type="0"/>
    <Peak1D F1="129.257187" intensity="6.171318e+000" type="0"/>
    <Peak1D F1="128.737732" intensity="5.438653e+000" type="0"/>
    <Peak1D F1="128.500183" intensity="3.126903e+000" type="0"/>
    <Peak1D F1="128.365585" intensity="4.858967e+000" type="0"/>
    <Peak1D F1="126.984512" intensity="3.148901e+000" type="0"/>
    <Peak1D F1="126.905876" intensity="5.062866e+000" type="0"/>
    <Peak1D F1="126.413094" intensity="1.500000e+001" type="0"/>
    <Peak1D F1="121.442368" intensity="5.613239e+000" type="0"/>
    <Peak1D F1="77.359573" intensity="5.854436e+001" type="0"/>
    <Peak1D F1="77.244591" intensity="5.884351e+000" type="0"/>
    <Peak1D F1="77.041595" intensity="5.936163e+001" type="0"/>
    <Peak1D F1="76.724380" intensity="5.821846e+001" type="0"/>
    <Peak1D F1="40.554401" intensity="2.681008e+000" type="0"/>
    <Peak1D F1="40.128269" intensity="2.019142e+000" type="0"/>
    <Peak1D F1="21.537886" intensity="3.617420e+000" type="0"/>
    <Peak1D F1="21.092712" intensity="2.281609e+000" type="0"/>
    <Peak1D F1="20.901197" intensity="2.638708e+000" type="0"/>
  </PeakList1D>
</PeakList>
