<?xml version="1.0" encoding="UTF-8"?>
<PeakList>
  <PeakList1D>
    <PeakList1DHeader creator="nmr" date="2021-05-31T01:04:02.536+03:00" expNo="7" name="AM-017-D-ACRC-F__13C" owner="" procNo="1" source="//132.72.8.180/400b/Milo/Milo">
      <PeakPickDetails>F1=219.481201ppm, F2=-19.481190ppm, MI=0.00cm, MAXI=10000.00cm, PC=1.400
      </PeakPickDetails>
    </PeakList1DHeader>
    <Peak1D F1="162.799149" intensity="2.685050e+000" type="0"/>
    <Peak1D F1="162.262665" intensity="4.178212e+000" type="0"/>
    <Peak1D F1="161.835999" intensity="1.202586e+000" type="0"/>
    <Peak1D F1="159.379715" intensity="1.201714e+000" type="0"/>
    <Peak1D F1="143.073486" intensity="2.267556e+000" type="0"/>
    <Peak1D F1="139.311356" intensity="1.437673e+000" type="0"/>
    <Peak1D F1="134.356400" intensity="1.523333e+000" type="0"/>
    <Peak1D F1="131.812881" intensity="4.981296e+000" type="0"/>
    <Peak1D F1="129.422714" intensity="1.484874e+001" type="0"/>
    <Peak1D F1="126.551292" intensity="1.500000e+001" type="0"/>
    <Peak1D F1="126.189156" intensity="2.268239e+000" type="0"/>
    <Peak1D F1="124.608803" intensity="1.028786e+000" type="0"/>
    <Peak1D F1="116.249130" intensity="6.446746e+000" type="0"/>
    <Peak1D F1="116.020966" intensity="6.236838e+000" type="0"/>
    <Peak1D F1="113.620689" intensity="1.398720e+001" type="0"/>
    <Peak1D F1="77.345558" intensity="6.191358e+001" type="0"/>
    <Peak1D F1="77.231728" intensity="3.857363e+000" type="0"/>
    <Peak1D F1="77.027878" intensity="6.192492e+001" type="0"/>
    <Peak1D F1="76.710457" intensity="6.195050e+001" type="0"/>
    <Peak1D F1="55.380260" intensity="8.293830e+000" type="0"/>
    <Peak1D F1="21.551687" intensity="6.647200e+000" type="0"/>
  </PeakList1D>
</PeakList>
