<?xml version="1.0" encoding="UTF-8"?>
<PeakList>
  <PeakList1D>
    <PeakList1DHeader creator="nmr" date="2021-11-01T13:18:37.646+02:00" expNo="3" name="AM-Tosyl" owner="" procNo="1" source="//132.72.8.180/400b/Milo/Milo">
      <PeakPickDetails>F1=16.091120ppm, F2=-3.937925ppm, MI=0.00cm, MAXI=10000.00cm, PC=1.000
      </PeakPickDetails>
    </PeakList1DHeader>
    <Peak1D F1="12.732420" intensity="6.162580e-004" type="0"/>
    <Peak1D F1="8.603657" intensity="7.559842e-004" type="0"/>
    <Peak1D F1="8.482266" intensity="6.686197e-004" type="0"/>
    <Peak1D F1="8.433064" intensity="7.526236e-004" type="0"/>
    <Peak1D F1="8.377018" intensity="8.216026e-004" type="0"/>
    <Peak1D F1="8.334815" intensity="9.288089e-004" type="0"/>
    <Peak1D F1="8.294393" intensity="9.396720e-004" type="0"/>
    <Peak1D F1="8.246329" intensity="9.795419e-004" type="0"/>
    <Peak1D F1="8.227993" intensity="1.028726e-003" type="0"/>
    <Peak1D F1="8.168031" intensity="1.376847e-003" type="0"/>
    <Peak1D F1="8.119302" intensity="1.527912e-003" type="0"/>
    <Peak1D F1="8.049951" intensity="2.523563e-003" type="0"/>
    <Peak1D F1="8.028375" intensity="2.670178e-003" type="0"/>
    <Peak1D F1="7.977289" intensity="2.205065e-002" type="0"/>
    <Peak1D F1="7.955547" intensity="2.457255e-002" type="0"/>
    <Peak1D F1="7.868606" intensity="1.528908e-002" type="0"/>
    <Peak1D F1="7.846886" intensity="2.048001e-002" type="0"/>
    <Peak1D F1="7.818872" intensity="9.428295e-002" type="0"/>
    <Peak1D F1="7.797827" intensity="1.334227e-001" type="0"/>
    <Peak1D F1="7.771382" intensity="3.833817e+000" type="0"/>
    <Peak1D F1="7.768619" intensity="3.937917e+000" type="0"/>
    <Peak1D F1="7.750803" intensity="4.237181e+000" type="0"/>
    <Peak1D F1="7.747822" intensity="3.689952e+000" type="0"/>
    <Peak1D F1="7.722963" intensity="9.549639e-002" type="0"/>
    <Peak1D F1="7.719070" intensity="9.679907e-002" type="0"/>
    <Peak1D F1="7.702462" intensity="7.797790e-002" type="0"/>
    <Peak1D F1="7.697988" intensity="7.350057e-002" type="0"/>
    <Peak1D F1="7.639293" intensity="3.180269e-003" type="0"/>
    <Peak1D F1="7.615510" intensity="3.666131e-003" type="0"/>
    <Peak1D F1="7.559891" intensity="2.202883e-002" type="0"/>
    <Peak1D F1="7.541493" intensity="4.586445e-002" type="0"/>
    <Peak1D F1="7.519777" intensity="2.424727e-002" type="0"/>
    <Peak1D F1="7.445022" intensity="1.760661e-002" type="0"/>
    <Peak1D F1="7.388927" intensity="1.124233e-001" type="0"/>
    <Peak1D F1="7.368063" intensity="1.392589e-001" type="0"/>
    <Peak1D F1="7.339063" intensity="5.221043e+000" type="0"/>
    <Peak1D F1="7.319020" intensity="4.532124e+000" type="0"/>
    <Peak1D F1="7.289630" intensity="1.181958e-001" type="0"/>
    <Peak1D F1="7.268785" intensity="8.799646e-002" type="0"/>
    <Peak1D F1="7.235963" intensity="1.863850e-002" type="0"/>
    <Peak1D F1="7.223006" intensity="8.284870e-003" type="0"/>
    <Peak1D F1="7.185931" intensity="8.531118e-001" type="0"/>
    <Peak1D F1="7.136452" intensity="3.650383e-002" type="0"/>
    <Peak1D F1="7.115784" intensity="2.089782e-002" type="0"/>
    <Peak1D F1="7.069354" intensity="7.509393e-004" type="0"/>
    <Peak1D F1="6.921574" intensity="4.049818e-003" type="0"/>
    <Peak1D F1="5.315617" intensity="7.007277e-004" type="0"/>
    <Peak1D F1="5.264287" intensity="1.341682e-003" type="0"/>
    <Peak1D F1="4.739578" intensity="6.647768e-004" type="0"/>
    <Peak1D F1="4.698367" intensity="8.709464e-004" type="0"/>
    <Peak1D F1="4.599063" intensity="6.341378e-004" type="0"/>
    <Peak1D F1="4.446045" intensity="6.081579e-004" type="0"/>
    <Peak1D F1="4.367470" intensity="6.048862e-004" type="0"/>
    <Peak1D F1="4.154377" intensity="7.877246e-004" type="0"/>
    <Peak1D F1="4.127857" intensity="7.566820e-004" type="0"/>
    <Peak1D F1="4.051040" intensity="6.465450e-004" type="0"/>
    <Peak1D F1="4.029512" intensity="7.581328e-004" type="0"/>
    <Peak1D F1="4.012858" intensity="7.443621e-004" type="0"/>
    <Peak1D F1="3.976786" intensity="6.293250e-004" type="0"/>
    <Peak1D F1="3.935524" intensity="7.688642e-004" type="0"/>
    <Peak1D F1="3.924797" intensity="6.294944e-004" type="0"/>
    <Peak1D F1="3.901259" intensity="7.519291e-004" type="0"/>
    <Peak1D F1="3.857082" intensity="7.979880e-004" type="0"/>
    <Peak1D F1="3.834344" intensity="9.623932e-004" type="0"/>
    <Peak1D F1="3.811408" intensity="6.502956e-004" type="0"/>
    <Peak1D F1="3.771184" intensity="8.070333e-004" type="0"/>
    <Peak1D F1="3.718930" intensity="9.276728e-004" type="0"/>
    <Peak1D F1="3.693504" intensity="1.400296e-003" type="0"/>
    <Peak1D F1="3.675203" intensity="1.000490e-003" type="0"/>
    <Peak1D F1="3.648724" intensity="8.254942e-004" type="0"/>
    <Peak1D F1="3.604234" intensity="8.941580e-004" type="0"/>
    <Peak1D F1="3.582423" intensity="1.236506e-003" type="0"/>
    <Peak1D F1="3.559596" intensity="1.563575e-003" type="0"/>
    <Peak1D F1="3.454283" intensity="1.324695e-003" type="0"/>
    <Peak1D F1="3.432564" intensity="1.057465e-003" type="0"/>
    <Peak1D F1="3.421888" intensity="1.163358e-003" type="0"/>
    <Peak1D F1="3.378008" intensity="1.240989e-003" type="0"/>
    <Peak1D F1="3.347582" intensity="1.181977e-003" type="0"/>
    <Peak1D F1="3.293355" intensity="1.231938e-003" type="0"/>
    <Peak1D F1="3.270227" intensity="1.292323e-003" type="0"/>
    <Peak1D F1="3.224358" intensity="1.261433e-003" type="0"/>
    <Peak1D F1="3.198050" intensity="1.208490e-003" type="0"/>
    <Peak1D F1="3.184067" intensity="1.226848e-003" type="0"/>
    <Peak1D F1="3.153353" intensity="1.358319e-003" type="0"/>
    <Peak1D F1="3.077186" intensity="1.444797e-003" type="0"/>
    <Peak1D F1="3.046217" intensity="1.444579e-003" type="0"/>
    <Peak1D F1="3.004417" intensity="1.769025e-003" type="0"/>
    <Peak1D F1="2.974638" intensity="1.654876e-003" type="0"/>
    <Peak1D F1="2.918679" intensity="2.000567e-003" type="0"/>
    <Peak1D F1="2.888237" intensity="2.213533e-003" type="0"/>
    <Peak1D F1="2.824847" intensity="2.363458e-003" type="0"/>
    <Peak1D F1="2.806146" intensity="2.573195e-003" type="0"/>
    <Peak1D F1="2.791714" intensity="2.626915e-003" type="0"/>
    <Peak1D F1="2.766260" intensity="3.098378e-003" type="0"/>
    <Peak1D F1="2.752130" intensity="3.054265e-003" type="0"/>
    <Peak1D F1="2.673362" intensity="4.523783e-003" type="0"/>
    <Peak1D F1="2.610421" intensity="7.884434e-003" type="0"/>
    <Peak1D F1="2.560265" intensity="9.688276e-002" type="0"/>
    <Peak1D F1="2.504837" intensity="3.448169e-002" type="0"/>
    <Peak1D F1="2.452553" intensity="3.213148e-001" type="0"/>
    <Peak1D F1="2.402753" intensity="1.500000e+001" type="0"/>
    <Peak1D F1="2.352705" intensity="2.651027e-001" type="0"/>
    <Peak1D F1="2.323256" intensity="1.148365e-002" type="0"/>
    <Peak1D F1="2.306230" intensity="1.062044e-002" type="0"/>
    <Peak1D F1="2.289939" intensity="1.881134e-003" type="0"/>
    <Peak1D F1="2.277217" intensity="1.747664e-003" type="0"/>
    <Peak1D F1="2.241460" intensity="8.578283e-002" type="0"/>
    <Peak1D F1="2.139875" intensity="9.027907e-004" type="0"/>
    <Peak1D F1="1.936862" intensity="6.853620e-004" type="0"/>
    <Peak1D F1="1.924312" intensity="7.258579e-004" type="0"/>
    <Peak1D F1="1.541735" intensity="1.781335e-002" type="0"/>
    <Peak1D F1="1.518010" intensity="1.168999e-002" type="0"/>
    <Peak1D F1="1.230511" intensity="5.834042e-003" type="0"/>
    <Peak1D F1="1.177348" intensity="1.187811e-002" type="0"/>
    <Peak1D F1="0.815284" intensity="2.127688e-003" type="0"/>
    <Peak1D F1="0.799623" intensity="3.189306e-003" type="0"/>
    <Peak1D F1="0.781540" intensity="1.872330e-003" type="0"/>
    <Peak1D F1="0.744975" intensity="7.303310e-004" type="0"/>
    <Peak1D F1="-0.000152" intensity="2.337992e-002" type="0"/>
    <Peak1D F1="-1.465601" intensity="5.948558e-004" type="0"/>
  </PeakList1D>
</PeakList>
