<?xml version="1.0" encoding="UTF-8"?>
<PeakList>
  <PeakList1D>
    <PeakList1DHeader creator="nmr" date="2022-07-07T10:37:30.772+03:00" expNo="7" name="AM-n.p" owner="" procNo="1" source="//132.72.8.180/400b/Milo/Milo">
      <PeakPickDetails>F1=16.094469ppm, F2=-3.934576ppm, MI=0.00cm, MAXI=10000.00cm, PC=1.000
      </PeakPickDetails>
    </PeakList1DHeader>
    <Peak1D F1="11.567992" intensity="3.120408e-002" type="0"/>
    <Peak1D F1="10.110247" intensity="3.058876e-002" type="0"/>
    <Peak1D F1="9.874615" intensity="1.244142e+000" type="0"/>
    <Peak1D F1="9.792757" intensity="3.486726e-002" type="0"/>
    <Peak1D F1="8.085751" intensity="4.032414e-002" type="0"/>
    <Peak1D F1="8.033209" intensity="1.254816e-001" type="0"/>
    <Peak1D F1="8.002610" intensity="2.247731e+000" type="0"/>
    <Peak1D F1="7.983606" intensity="2.489097e+000" type="0"/>
    <Peak1D F1="7.958845" intensity="2.358753e+000" type="0"/>
    <Peak1D F1="7.939844" intensity="2.518391e+000" type="0"/>
    <Peak1D F1="7.909999" intensity="9.246631e-002" type="0"/>
    <Peak1D F1="7.890385" intensity="2.108377e-001" type="0"/>
    <Peak1D F1="7.869401" intensity="2.066860e-001" type="0"/>
    <Peak1D F1="7.839512" intensity="6.231402e+000" type="0"/>
    <Peak1D F1="7.818858" intensity="6.687155e+000" type="0"/>
    <Peak1D F1="7.789183" intensity="1.254648e-001" type="0"/>
    <Peak1D F1="7.768998" intensity="1.132307e-001" type="0"/>
    <Peak1D F1="7.699719" intensity="9.325507e-002" type="0"/>
    <Peak1D F1="7.669329" intensity="1.121059e+000" type="0"/>
    <Peak1D F1="7.652984" intensity="2.230765e+000" type="0"/>
    <Peak1D F1="7.650548" intensity="2.284147e+000" type="0"/>
    <Peak1D F1="7.634281" intensity="1.393148e+000" type="0"/>
    <Peak1D F1="7.631572" intensity="1.383219e+000" type="0"/>
    <Peak1D F1="7.600803" intensity="1.673829e-001" type="0"/>
    <Peak1D F1="7.569313" intensity="1.480633e+000" type="0"/>
    <Peak1D F1="7.552697" intensity="2.193072e+000" type="0"/>
    <Peak1D F1="7.550449" intensity="2.214516e+000" type="0"/>
    <Peak1D F1="7.534104" intensity="9.632839e-001" type="0"/>
    <Peak1D F1="7.502060" intensity="7.134609e-002" type="0"/>
    <Peak1D F1="7.448970" intensity="2.477822e-001" type="0"/>
    <Peak1D F1="7.402685" intensity="3.322612e-002" type="0"/>
    <Peak1D F1="7.367921" intensity="4.270653e-002" type="0"/>
    <Peak1D F1="7.302298" intensity="1.832292e-001" type="0"/>
    <Peak1D F1="7.281781" intensity="2.233865e-001" type="0"/>
    <Peak1D F1="7.251704" intensity="4.993583e+000" type="0"/>
    <Peak1D F1="7.239937" intensity="1.825510e+000" type="0"/>
    <Peak1D F1="7.231460" intensity="4.719283e+000" type="0"/>
    <Peak1D F1="7.220991" intensity="1.404996e+000" type="0"/>
    <Peak1D F1="7.201109" intensity="2.910845e+000" type="0"/>
    <Peak1D F1="7.190111" intensity="4.195589e+001" type="0"/>
    <Peak1D F1="7.159780" intensity="1.667924e-001" type="0"/>
    <Peak1D F1="7.140295" intensity="6.154346e-001" type="0"/>
    <Peak1D F1="7.126495" intensity="1.470834e-001" type="0"/>
    <Peak1D F1="7.115749" intensity="1.530720e-001" type="0"/>
    <Peak1D F1="7.088802" intensity="1.943708e+000" type="0"/>
    <Peak1D F1="7.069882" intensity="1.446900e+000" type="0"/>
    <Peak1D F1="6.998274" intensity="4.125071e-002" type="0"/>
    <Peak1D F1="6.980623" intensity="4.725063e-002" type="0"/>
    <Peak1D F1="6.940229" intensity="9.598684e-002" type="0"/>
    <Peak1D F1="6.926166" intensity="3.200535e-001" type="0"/>
    <Peak1D F1="6.919860" intensity="1.930886e-001" type="0"/>
    <Peak1D F1="6.867810" intensity="4.702775e+000" type="0"/>
    <Peak1D F1="6.847315" intensity="1.517712e+000" type="0"/>
    <Peak1D F1="6.523542" intensity="4.007242e-002" type="0"/>
    <Peak1D F1="6.489769" intensity="3.295769e-002" type="0"/>
    <Peak1D F1="6.010792" intensity="1.079670e+000" type="0"/>
    <Peak1D F1="5.785049" intensity="6.235523e-002" type="0"/>
    <Peak1D F1="5.751458" intensity="3.817330e-002" type="0"/>
    <Peak1D F1="5.487461" intensity="1.203711e-001" type="0"/>
    <Peak1D F1="5.437160" intensity="4.739202e+000" type="0"/>
    <Peak1D F1="5.387527" intensity="7.193670e-002" type="0"/>
    <Peak1D F1="5.286988" intensity="4.165664e-002" type="0"/>
    <Peak1D F1="5.272074" intensity="5.631116e-002" type="0"/>
    <Peak1D F1="5.266352" intensity="4.532354e-002" type="0"/>
    <Peak1D F1="5.239674" intensity="3.312242e-002" type="0"/>
    <Peak1D F1="5.235040" intensity="3.141549e-002" type="0"/>
    <Peak1D F1="3.855357" intensity="3.229806e-002" type="0"/>
    <Peak1D F1="3.780561" intensity="8.610672e-002" type="0"/>
    <Peak1D F1="3.744771" intensity="5.079204e-002" type="0"/>
    <Peak1D F1="3.551528" intensity="4.772282e-002" type="0"/>
    <Peak1D F1="3.517995" intensity="4.341208e-002" type="0"/>
    <Peak1D F1="3.497541" intensity="3.615202e-002" type="0"/>
    <Peak1D F1="3.425543" intensity="1.009615e-001" type="0"/>
    <Peak1D F1="3.410759" intensity="1.511634e-001" type="0"/>
    <Peak1D F1="3.375865" intensity="1.162590e+000" type="0"/>
    <Peak1D F1="3.360305" intensity="2.991036e+000" type="0"/>
    <Peak1D F1="3.344776" intensity="3.013124e+000" type="0"/>
    <Peak1D F1="3.329348" intensity="1.189153e+000" type="0"/>
    <Peak1D F1="3.295620" intensity="1.494602e-001" type="0"/>
    <Peak1D F1="3.235276" intensity="3.712228e-002" type="0"/>
    <Peak1D F1="3.213085" intensity="3.818349e-002" type="0"/>
    <Peak1D F1="3.180892" intensity="3.534681e-002" type="0"/>
    <Peak1D F1="3.162744" intensity="3.666363e-002" type="0"/>
    <Peak1D F1="2.665936" intensity="4.065298e-002" type="0"/>
    <Peak1D F1="2.626283" intensity="3.838285e-002" type="0"/>
    <Peak1D F1="2.592224" intensity="5.474603e-002" type="0"/>
    <Peak1D F1="2.570813" intensity="1.068995e-001" type="0"/>
    <Peak1D F1="2.553850" intensity="1.691891e-001" type="0"/>
    <Peak1D F1="2.519341" intensity="2.204658e+000" type="0"/>
    <Peak1D F1="2.503827" intensity="3.900719e+000" type="0"/>
    <Peak1D F1="2.488268" intensity="2.036437e+000" type="0"/>
    <Peak1D F1="2.454213" intensity="1.234627e-001" type="0"/>
    <Peak1D F1="2.413240" intensity="1.295514e-001" type="0"/>
    <Peak1D F1="2.371476" intensity="4.187202e-001" type="0"/>
    <Peak1D F1="2.321770" intensity="1.500000e+001" type="0"/>
    <Peak1D F1="2.256672" intensity="1.289670e+001" type="0"/>
    <Peak1D F1="2.207005" intensity="2.689119e-001" type="0"/>
    <Peak1D F1="2.160357" intensity="1.852506e-001" type="0"/>
    <Peak1D F1="2.149228" intensity="2.083695e-001" type="0"/>
    <Peak1D F1="2.130442" intensity="1.808682e-001" type="0"/>
    <Peak1D F1="2.099928" intensity="5.023514e-001" type="0"/>
    <Peak1D F1="1.965225" intensity="5.185357e-002" type="0"/>
    <Peak1D F1="1.933566" intensity="7.032926e-002" type="0"/>
    <Peak1D F1="1.855393" intensity="3.207640e-002" type="0"/>
    <Peak1D F1="1.778542" intensity="3.454126e-002" type="0"/>
    <Peak1D F1="1.722899" intensity="4.032753e-002" type="0"/>
    <Peak1D F1="1.691810" intensity="3.539344e-002" type="0"/>
    <Peak1D F1="1.663515" intensity="3.728315e-002" type="0"/>
    <Peak1D F1="1.585766" intensity="6.554727e-002" type="0"/>
    <Peak1D F1="1.553923" intensity="8.078269e-002" type="0"/>
    <Peak1D F1="1.529176" intensity="3.492202e-001" type="0"/>
    <Peak1D F1="1.479143" intensity="1.442145e+001" type="0"/>
    <Peak1D F1="1.429172" intensity="2.125526e-001" type="0"/>
    <Peak1D F1="1.413072" intensity="4.271613e-002" type="0"/>
    <Peak1D F1="1.391414" intensity="3.719261e-002" type="0"/>
    <Peak1D F1="1.287838" intensity="4.881912e-002" type="0"/>
    <Peak1D F1="1.272363" intensity="8.186340e-002" type="0"/>
    <Peak1D F1="1.240347" intensity="1.787630e-001" type="0"/>
    <Peak1D F1="1.184292" intensity="4.741288e-001" type="0"/>
    <Peak1D F1="1.136075" intensity="4.011192e-002" type="0"/>
    <Peak1D F1="0.828724" intensity="7.990678e-002" type="0"/>
    <Peak1D F1="0.811061" intensity="1.818277e-001" type="0"/>
    <Peak1D F1="0.792509" intensity="8.180910e-002" type="0"/>
    <Peak1D F1="0.181237" intensity="3.154850e-002" type="0"/>
    <Peak1D F1="0.049697" intensity="6.240602e-002" type="0"/>
    <Peak1D F1="-0.000152" intensity="2.890700e+000" type="0"/>
    <Peak1D F1="-0.009104" intensity="1.262947e-001" type="0"/>
    <Peak1D F1="-0.050578" intensity="4.711146e-002" type="0"/>
    <Peak1D F1="-3.754705" intensity="3.094489e-002" type="0"/>
  </PeakList1D>
</PeakList>
