<?xml version="1.0" encoding="UTF-8"?>
<PeakList>
  <PeakList1D>
    <PeakList1DHeader creator="nmr" date="2021-09-27T20:02:50.083+03:00" expNo="3" name="AM-130-Enamine-1-13C" owner="" procNo="1" source="\\132.72.8.180\400b\Milo\Milo">
      <PeakPickDetails>F1=219.481201ppm, F2=-19.481190ppm, MI=0.00cm, MAXI=10000.00cm, PC=1.400
      </PeakPickDetails>
    </PeakList1DHeader>
    <Peak1D F1="198.133911" intensity="2.790388e-001" type="0"/>
    <Peak1D F1="155.003326" intensity="2.429501e+000" type="0"/>
    <Peak1D F1="150.886810" intensity="2.156634e-001" type="0"/>
    <Peak1D F1="145.983322" intensity="2.674063e-001" type="0"/>
    <Peak1D F1="143.365967" intensity="2.032597e-001" type="0"/>
    <Peak1D F1="141.086945" intensity="2.047750e+000" type="0"/>
    <Peak1D F1="138.267853" intensity="2.524562e-001" type="0"/>
    <Peak1D F1="137.168289" intensity="2.476065e-001" type="0"/>
    <Peak1D F1="136.328964" intensity="2.008220e-001" type="0"/>
    <Peak1D F1="133.104004" intensity="1.219208e+000" type="0"/>
    <Peak1D F1="132.542267" intensity="2.368190e-001" type="0"/>
    <Peak1D F1="129.924805" intensity="3.295121e-001" type="0"/>
    <Peak1D F1="129.858810" intensity="9.700504e-001" type="0"/>
    <Peak1D F1="129.291168" intensity="5.440574e-001" type="0"/>
    <Peak1D F1="129.131165" intensity="2.060807e-001" type="0"/>
    <Peak1D F1="128.624100" intensity="5.167941e-001" type="0"/>
    <Peak1D F1="128.580261" intensity="2.157011e+000" type="0"/>
    <Peak1D F1="128.321304" intensity="2.599202e+000" type="0"/>
    <Peak1D F1="128.205780" intensity="8.960369e-001" type="0"/>
    <Peak1D F1="127.979630" intensity="1.346950e+001" type="0"/>
    <Peak1D F1="127.926781" intensity="1.500000e+001" type="0"/>
    <Peak1D F1="127.860374" intensity="1.222464e+000" type="0"/>
    <Peak1D F1="127.831093" intensity="1.012460e+000" type="0"/>
    <Peak1D F1="127.584549" intensity="7.366698e+000" type="0"/>
    <Peak1D F1="127.518135" intensity="2.830310e-001" type="0"/>
    <Peak1D F1="127.383591" intensity="4.166236e-001" type="0"/>
    <Peak1D F1="126.889809" intensity="5.194963e-001" type="0"/>
    <Peak1D F1="126.825172" intensity="9.658295e-001" type="0"/>
    <Peak1D F1="126.549080" intensity="9.063208e-001" type="0"/>
    <Peak1D F1="126.511612" intensity="4.505426e-001" type="0"/>
    <Peak1D F1="122.142624" intensity="1.814694e-001" type="0"/>
    <Peak1D F1="112.393860" intensity="4.048736e-001" type="0"/>
    <Peak1D F1="104.876045" intensity="4.019974e-001" type="0"/>
    <Peak1D F1="90.091606" intensity="6.513213e+000" type="0"/>
    <Peak1D F1="77.344154" intensity="8.382667e+000" type="0"/>
    <Peak1D F1="77.228821" intensity="6.087456e-001" type="0"/>
    <Peak1D F1="77.026085" intensity="8.633768e+000" type="0"/>
    <Peak1D F1="76.708969" intensity="8.476915e+000" type="0"/>
    <Peak1D F1="46.432682" intensity="4.075249e-001" type="0"/>
    <Peak1D F1="44.017738" intensity="2.145450e+000" type="0"/>
    <Peak1D F1="43.281330" intensity="2.950721e-001" type="0"/>
    <Peak1D F1="43.160706" intensity="1.212091e+001" type="0"/>
    <Peak1D F1="43.026863" intensity="1.000444e+000" type="0"/>
    <Peak1D F1="26.616508" intensity="9.706823e-001" type="0"/>
    <Peak1D F1="18.902040" intensity="1.712274e-001" type="0"/>
    <Peak1D F1="15.914130" intensity="4.285240e-001" type="0"/>
    <Peak1D F1="15.336523" intensity="2.097269e+000" type="0"/>
    <Peak1D F1="14.126785" intensity="2.324012e-001" type="0"/>
    <Peak1D F1="12.528848" intensity="2.701149e-001" type="0"/>
    <Peak1D F1="12.073590" intensity="7.672464e-001" type="0"/>
    <Peak1D F1="11.629072" intensity="1.246750e+001" type="0"/>
  </PeakList1D>
</PeakList>
