<?xml version="1.0" encoding="UTF-8"?>
<PeakList>
  <PeakList1D>
    <PeakList1DHeader creator="nmr" date="2021-05-31T03:43:33.013+03:00" expNo="9" name="AM-026-B-ACRC-F__13C" owner="" procNo="1" source="//132.72.8.180/400b/Milo/Milo">
      <PeakPickDetails>F1=219.481201ppm, F2=-19.481190ppm, MI=0.00cm, MAXI=10000.00cm, PC=1.400
      </PeakPickDetails>
    </PeakList1DHeader>
    <Peak1D F1="162.580948" intensity="4.376010e+000" type="0"/>
    <Peak1D F1="162.381668" intensity="2.866427e+000" type="0"/>
    <Peak1D F1="143.206696" intensity="2.561308e+000" type="0"/>
    <Peak1D F1="139.137100" intensity="1.674433e+000" type="0"/>
    <Peak1D F1="138.845108" intensity="2.569422e+000" type="0"/>
    <Peak1D F1="131.863495" intensity="1.327928e+000" type="0"/>
    <Peak1D F1="131.574203" intensity="4.739372e+000" type="0"/>
    <Peak1D F1="129.701828" intensity="6.238101e+000" type="0"/>
    <Peak1D F1="129.465256" intensity="1.500000e+001" type="0"/>
    <Peak1D F1="126.576759" intensity="1.450501e+001" type="0"/>
    <Peak1D F1="124.724792" intensity="1.023873e+000" type="0"/>
    <Peak1D F1="122.454132" intensity="2.170275e+000" type="0"/>
    <Peak1D F1="120.405922" intensity="1.097773e+000" type="0"/>
    <Peak1D F1="113.864044" intensity="1.200108e+001" type="0"/>
    <Peak1D F1="77.341347" intensity="9.988749e+001" type="0"/>
    <Peak1D F1="77.227638" intensity="6.514443e+000" type="0"/>
    <Peak1D F1="77.024101" intensity="1.043425e+002" type="0"/>
    <Peak1D F1="76.706055" intensity="1.010816e+002" type="0"/>
    <Peak1D F1="55.446449" intensity="7.860329e+000" type="0"/>
    <Peak1D F1="21.549267" intensity="6.450061e+000" type="0"/>
  </PeakList1D>
</PeakList>
