<?xml version="1.0" encoding="UTF-8"?>
<PeakList>
  <PeakList1D>
    <PeakList1DHeader creator="nmr" date="2022-07-07T11:45:52.176+03:00" expNo="1" name="AM-ketone-13C" owner="" procNo="1" source="//132.72.8.180/400b/Milo/Milo">
      <PeakPickDetails>F1=219.481201ppm, F2=-19.481190ppm, MI=0.00cm, MAXI=10000.00cm, PC=1.400
      </PeakPickDetails>
    </PeakList1DHeader>
    <Peak1D F1="206.064423" intensity="5.819895e+000" type="0"/>
    <Peak1D F1="182.979523" intensity="5.349379e+000" type="0"/>
    <Peak1D F1="181.672806" intensity="5.123722e+000" type="0"/>
    <Peak1D F1="147.616638" intensity="5.647932e+000" type="0"/>
    <Peak1D F1="134.732239" intensity="1.355144e+001" type="0"/>
    <Peak1D F1="133.544632" intensity="4.484835e+000" type="0"/>
    <Peak1D F1="132.031921" intensity="1.453316e+001" type="0"/>
    <Peak1D F1="130.551239" intensity="5.107475e+000" type="0"/>
    <Peak1D F1="126.321793" intensity="1.467013e+001" type="0"/>
    <Peak1D F1="126.174889" intensity="1.364451e+001" type="0"/>
    <Peak1D F1="100.706047" intensity="1.368103e+001" type="0"/>
    <Peak1D F1="77.335106" intensity="1.126136e+002" type="0"/>
    <Peak1D F1="77.220604" intensity="5.640664e+000" type="0"/>
    <Peak1D F1="77.017410" intensity="1.167936e+002" type="0"/>
    <Peak1D F1="76.699669" intensity="1.127056e+002" type="0"/>
    <Peak1D F1="45.806408" intensity="1.669948e+000" type="0"/>
    <Peak1D F1="41.232365" intensity="1.500000e+001" type="0"/>
    <Peak1D F1="36.784622" intensity="1.356955e+001" type="0"/>
    <Peak1D F1="30.153196" intensity="1.027641e+001" type="0"/>
  </PeakList1D>
</PeakList>
