<?xml version="1.0" encoding="UTF-8"?>
<PeakList>
  <PeakList1D>
    <PeakList1DHeader creator="nmr" date="2021-05-31T05:08:00.153+03:00" expNo="10" name="AM-026-C-ACRC-F__13C" owner="" procNo="1" source="//132.72.8.180/400b/Milo/Milo">
      <PeakPickDetails>F1=219.481201ppm, F2=-19.481190ppm, MI=0.00cm, MAXI=10000.00cm, PC=1.400
      </PeakPickDetails>
    </PeakList1DHeader>
    <Peak1D F1="162.871292" intensity="1.791601e+000" type="0"/>
    <Peak1D F1="162.019867" intensity="4.209116e+000" type="0"/>
    <Peak1D F1="157.826645" intensity="2.415743e+000" type="0"/>
    <Peak1D F1="142.889801" intensity="1.226348e+000" type="0"/>
    <Peak1D F1="139.535034" intensity="7.392840e-001" type="0"/>
    <Peak1D F1="131.877869" intensity="1.833762e+000" type="0"/>
    <Peak1D F1="131.147308" intensity="2.834512e+000" type="0"/>
    <Peak1D F1="129.691345" intensity="4.815736e-001" type="0"/>
    <Peak1D F1="129.385483" intensity="1.175024e+001" type="0"/>
    <Peak1D F1="126.511574" intensity="1.500000e+001" type="0"/>
    <Peak1D F1="126.011078" intensity="1.074267e+000" type="0"/>
    <Peak1D F1="124.935989" intensity="5.702447e-001" type="0"/>
    <Peak1D F1="114.384949" intensity="1.064140e+001" type="0"/>
    <Peak1D F1="113.459709" intensity="1.006012e+001" type="0"/>
    <Peak1D F1="77.365257" intensity="3.290771e+001" type="0"/>
    <Peak1D F1="77.249901" intensity="1.608358e+000" type="0"/>
    <Peak1D F1="77.047119" intensity="3.409436e+001" type="0"/>
    <Peak1D F1="76.729584" intensity="3.272876e+001" type="0"/>
    <Peak1D F1="55.432949" intensity="7.184617e+000" type="0"/>
    <Peak1D F1="55.342800" intensity="6.857769e+000" type="0"/>
    <Peak1D F1="21.545834" intensity="5.653696e+000" type="0"/>
  </PeakList1D>
</PeakList>
