<?xml version="1.0" encoding="UTF-8"?>
<PeakList>
  <PeakList1D>
    <PeakList1DHeader creator="nmr" date="2021-11-02T13:57:46.059+02:00" expNo="1" name="AM-US-13C-f" owner="" procNo="1" source="//132.72.8.180/400b/Milo/Milo">
      <PeakPickDetails>F1=219.481201ppm, F2=-19.481190ppm, MI=0.00cm, MAXI=10000.00cm, PC=1.400
      </PeakPickDetails>
    </PeakList1DHeader>
    <Peak1D F1="163.158737" intensity="9.070615e-001" type="0"/>
    <Peak1D F1="143.068115" intensity="8.646756e-001" type="0"/>
    <Peak1D F1="136.250473" intensity="1.455585e+000" type="0"/>
    <Peak1D F1="135.210678" intensity="2.669300e+000" type="0"/>
    <Peak1D F1="131.222153" intensity="7.171089e+000" type="0"/>
    <Peak1D F1="129.735077" intensity="1.401034e+001" type="0"/>
    <Peak1D F1="129.580307" intensity="1.733954e+000" type="0"/>
    <Peak1D F1="129.420227" intensity="1.093624e+001" type="0"/>
    <Peak1D F1="128.153534" intensity="1.028735e+001" type="0"/>
    <Peak1D F1="126.586121" intensity="1.500000e+001" type="0"/>
    <Peak1D F1="124.422462" intensity="9.059545e-001" type="0"/>
    <Peak1D F1="77.351418" intensity="5.606828e+001" type="0"/>
    <Peak1D F1="77.236473" intensity="2.994018e+000" type="0"/>
    <Peak1D F1="77.033264" intensity="5.740569e+001" type="0"/>
    <Peak1D F1="76.716194" intensity="5.603903e+001" type="0"/>
    <Peak1D F1="21.559093" intensity="6.216111e+000" type="0"/>
    <Peak1D F1="20.910583" intensity="6.234647e+000" type="0"/>
  </PeakList1D>
</PeakList>
