<?xml version="1.0" encoding="UTF-8"?>
<PeakList>
  <PeakList1D>
    <PeakList1DHeader creator="nmr" date="2021-08-17T23:31:04.168+03:00" expNo="6" name="AM-040-A-pCF3-CNMR" owner="" procNo="1" source="//132.72.8.180/400b/Milo/Milo">
      <PeakPickDetails>F1=219.481201ppm, F2=-19.481190ppm, MI=0.00cm, MAXI=10000.00cm, PC=1.400
      </PeakPickDetails>
    </PeakList1DHeader>
    <Peak1D F1="162.658524" intensity="4.183533e+000" type="0"/>
    <Peak1D F1="162.349335" intensity="2.949033e+000" type="0"/>
    <Peak1D F1="143.291046" intensity="3.101162e+000" type="0"/>
    <Peak1D F1="141.425659" intensity="2.374002e+000" type="0"/>
    <Peak1D F1="139.020187" intensity="2.379547e+000" type="0"/>
    <Peak1D F1="131.712158" intensity="7.576426e+000" type="0"/>
    <Peak1D F1="129.479782" intensity="1.462146e+001" type="0"/>
    <Peak1D F1="127.813057" intensity="1.235235e+000" type="0"/>
    <Peak1D F1="127.482582" intensity="1.540992e+000" type="0"/>
    <Peak1D F1="126.612915" intensity="1.500000e+001" type="0"/>
    <Peak1D F1="126.407394" intensity="5.402021e+000" type="0"/>
    <Peak1D F1="126.372444" intensity="5.588667e+000" type="0"/>
    <Peak1D F1="124.456154" intensity="1.728153e+000" type="0"/>
    <Peak1D F1="123.474098" intensity="4.943891e+000" type="0"/>
    <Peak1D F1="122.384483" intensity="1.239892e+000" type="0"/>
    <Peak1D F1="113.888756" intensity="1.368664e+001" type="0"/>
    <Peak1D F1="77.340988" intensity="9.796635e+001" type="0"/>
    <Peak1D F1="77.226105" intensity="6.644278e+000" type="0"/>
    <Peak1D F1="77.023766" intensity="1.003659e+002" type="0"/>
    <Peak1D F1="76.705750" intensity="9.750232e+001" type="0"/>
    <Peak1D F1="55.438915" intensity="7.643932e+000" type="0"/>
    <Peak1D F1="21.565233" intensity="7.055523e+000" type="0"/>
  </PeakList1D>
</PeakList>
