<?xml version="1.0" encoding="UTF-8"?>
<PeakList>
  <PeakList1D>
    <PeakList1DHeader creator="nmr" date="2021-10-28T02:30:53.093+03:00" expNo="4" name="AM-160-4-Me-13C" owner="" procNo="1" source="//132.72.8.180/400b/Milo/Milo">
      <PeakPickDetails>F1=219.481201ppm, F2=-19.481190ppm, MI=0.00cm, MAXI=10000.00cm, PC=1.400
      </PeakPickDetails>
    </PeakList1DHeader>
    <Peak1D F1="163.203873" intensity="1.334419e+000" type="0"/>
    <Peak1D F1="142.943573" intensity="1.239642e+000" type="0"/>
    <Peak1D F1="141.906830" intensity="4.452118e+000" type="0"/>
    <Peak1D F1="139.440323" intensity="6.838039e-001" type="0"/>
    <Peak1D F1="136.102814" intensity="2.090507e+000" type="0"/>
    <Peak1D F1="135.431793" intensity="2.760631e+000" type="0"/>
    <Peak1D F1="130.170624" intensity="6.386851e-001" type="0"/>
    <Peak1D F1="129.724945" intensity="1.400755e+001" type="0"/>
    <Peak1D F1="129.380753" intensity="1.186201e+001" type="0"/>
    <Peak1D F1="128.840958" intensity="1.103910e+001" type="0"/>
    <Peak1D F1="126.557602" intensity="1.500000e+001" type="0"/>
    <Peak1D F1="126.414085" intensity="4.635653e-001" type="0"/>
    <Peak1D F1="124.288956" intensity="1.020839e+000" type="0"/>
    <Peak1D F1="77.352425" intensity="5.457893e+001" type="0"/>
    <Peak1D F1="77.236855" intensity="3.078108e+000" type="0"/>
    <Peak1D F1="77.034317" intensity="5.500277e+001" type="0"/>
    <Peak1D F1="76.717262" intensity="5.467477e+001" type="0"/>
    <Peak1D F1="21.549908" intensity="7.317176e+000" type="0"/>
    <Peak1D F1="21.507647" intensity="6.980389e+000" type="0"/>
    <Peak1D F1="20.921465" intensity="6.783873e+000" type="0"/>
    <Peak1D F1="1.028534" intensity="4.341935e-001" type="0"/>
  </PeakList1D>
</PeakList>
