<?xml version="1.0" encoding="UTF-8"?>
<PeakList>
  <PeakList1D>
    <PeakList1DHeader creator="nmr" date="2021-12-20T15:54:08.908+02:00" expNo="3" name="AM-diethylamine-13C" owner="" procNo="1" source="//132.72.8.180/400b/Milo/Milo">
      <PeakPickDetails>F1=219.481201ppm, F2=-19.481190ppm, MI=0.00cm, MAXI=10000.00cm, PC=1.400
      </PeakPickDetails>
    </PeakList1DHeader>
    <Peak1D F1="172.256927" intensity="8.196713e-002" type="0"/>
    <Peak1D F1="165.959915" intensity="2.931421e+000" type="0"/>
    <Peak1D F1="165.588303" intensity="6.465023e-002" type="0"/>
    <Peak1D F1="158.050613" intensity="3.321615e-001" type="0"/>
    <Peak1D F1="142.251114" intensity="1.943405e-001" type="0"/>
    <Peak1D F1="141.666718" intensity="6.590502e-002" type="0"/>
    <Peak1D F1="141.483002" intensity="1.333415e-001" type="0"/>
    <Peak1D F1="141.395737" intensity="4.374370e+000" type="0"/>
    <Peak1D F1="141.293839" intensity="9.798604e-002" type="0"/>
    <Peak1D F1="141.104279" intensity="3.413116e+000" type="0"/>
    <Peak1D F1="139.820297" intensity="1.922487e-001" type="0"/>
    <Peak1D F1="139.465881" intensity="5.891069e-002" type="0"/>
    <Peak1D F1="134.331970" intensity="6.424485e-002" type="0"/>
    <Peak1D F1="132.558411" intensity="1.318489e-001" type="0"/>
    <Peak1D F1="132.038513" intensity="3.683309e+000" type="0"/>
    <Peak1D F1="131.742554" intensity="7.354348e-002" type="0"/>
    <Peak1D F1="130.908325" intensity="1.104063e-001" type="0"/>
    <Peak1D F1="130.492966" intensity="1.610791e-001" type="0"/>
    <Peak1D F1="130.458374" intensity="3.010943e-001" type="0"/>
    <Peak1D F1="129.796143" intensity="7.098618e-002" type="0"/>
    <Peak1D F1="129.487076" intensity="7.461525e+000" type="0"/>
    <Peak1D F1="129.341492" intensity="2.999378e-001" type="0"/>
    <Peak1D F1="129.282593" intensity="9.559773e-001" type="0"/>
    <Peak1D F1="129.222549" intensity="6.413062e-001" type="0"/>
    <Peak1D F1="129.022049" intensity="1.594519e-001" type="0"/>
    <Peak1D F1="128.763718" intensity="1.471311e+001" type="0"/>
    <Peak1D F1="128.517044" intensity="2.923161e-001" type="0"/>
    <Peak1D F1="128.456757" intensity="1.353274e-001" type="0"/>
    <Peak1D F1="128.240448" intensity="1.963359e-001" type="0"/>
    <Peak1D F1="128.034958" intensity="1.437372e+001" type="0"/>
    <Peak1D F1="127.962669" intensity="5.189990e-001" type="0"/>
    <Peak1D F1="127.910927" intensity="4.059893e-001" type="0"/>
    <Peak1D F1="127.860100" intensity="2.803513e-001" type="0"/>
    <Peak1D F1="127.817284" intensity="1.825209e-001" type="0"/>
    <Peak1D F1="127.756630" intensity="8.683026e-002" type="0"/>
    <Peak1D F1="127.394699" intensity="1.365955e-001" type="0"/>
    <Peak1D F1="127.321251" intensity="1.592352e-001" type="0"/>
    <Peak1D F1="127.137276" intensity="1.381865e+001" type="0"/>
    <Peak1D F1="126.812164" intensity="8.810517e-002" type="0"/>
    <Peak1D F1="126.671066" intensity="1.169372e-001" type="0"/>
    <Peak1D F1="126.623787" intensity="1.415904e-001" type="0"/>
    <Peak1D F1="126.393906" intensity="1.500000e+001" type="0"/>
    <Peak1D F1="126.339088" intensity="6.980661e-001" type="0"/>
    <Peak1D F1="126.308083" intensity="1.087618e+000" type="0"/>
    <Peak1D F1="126.156105" intensity="6.217381e-001" type="0"/>
    <Peak1D F1="126.072792" intensity="1.299217e-001" type="0"/>
    <Peak1D F1="117.949608" intensity="7.130078e-002" type="0"/>
    <Peak1D F1="77.560562" intensity="5.780106e+000" type="0"/>
    <Peak1D F1="77.441002" intensity="6.006191e-001" type="0"/>
    <Peak1D F1="77.241966" intensity="6.096174e+000" type="0"/>
    <Peak1D F1="76.922676" intensity="5.937178e+000" type="0"/>
    <Peak1D F1="47.090950" intensity="3.781058e-001" type="0"/>
    <Peak1D F1="45.401173" intensity="2.169686e-001" type="0"/>
    <Peak1D F1="44.339336" intensity="6.383539e+000" type="0"/>
    <Peak1D F1="42.401524" intensity="6.037787e+000" type="0"/>
    <Peak1D F1="41.035839" intensity="1.061573e-001" type="0"/>
    <Peak1D F1="40.927204" intensity="3.562890e-001" type="0"/>
    <Peak1D F1="37.448101" intensity="1.577810e-001" type="0"/>
    <Peak1D F1="29.666191" intensity="9.533601e-002" type="0"/>
    <Peak1D F1="21.460829" intensity="5.011625e-001" type="0"/>
    <Peak1D F1="21.405693" intensity="6.678013e+000" type="0"/>
    <Peak1D F1="15.759990" intensity="1.033205e-001" type="0"/>
    <Peak1D F1="14.504189" intensity="4.109028e-001" type="0"/>
    <Peak1D F1="14.038249" intensity="3.575754e-001" type="0"/>
    <Peak1D F1="13.952647" intensity="7.535457e+000" type="0"/>
    <Peak1D F1="13.732290" intensity="1.949157e-001" type="0"/>
    <Peak1D F1="12.253311" intensity="7.463151e+000" type="0"/>
    <Peak1D F1="12.142357" intensity="3.108206e-001" type="0"/>
    <Peak1D F1="12.082991" intensity="4.490006e-001" type="0"/>
  </PeakList1D>
</PeakList>
