<?xml version="1.0" encoding="UTF-8"?>
<PeakList>
  <PeakList1D>
    <PeakList1DHeader creator="nmr" date="2021-05-30T22:23:01.749+03:00" expNo="5" name="AM-016-B-ACRC-F__13C" owner="" procNo="1" source="//132.72.8.180/400b/Milo/Milo">
      <PeakPickDetails>F1=219.481201ppm, F2=-19.481190ppm, MI=0.00cm, MAXI=10000.00cm, PC=1.400
      </PeakPickDetails>
    </PeakList1DHeader>
    <Peak1D F1="162.631546" intensity="3.101766e+000" type="0"/>
    <Peak1D F1="162.583603" intensity="3.055854e+000" type="0"/>
    <Peak1D F1="162.109268" intensity="4.040875e+000" type="0"/>
    <Peak1D F1="136.017715" intensity="3.085468e+000" type="0"/>
    <Peak1D F1="135.672836" intensity="3.476794e+000" type="0"/>
    <Peak1D F1="134.273468" intensity="1.613489e+000" type="0"/>
    <Peak1D F1="131.845383" intensity="4.651020e+000" type="0"/>
    <Peak1D F1="129.779861" intensity="1.386860e+001" type="0"/>
    <Peak1D F1="128.604721" intensity="1.500000e+001" type="0"/>
    <Peak1D F1="124.957153" intensity="9.733797e-001" type="0"/>
    <Peak1D F1="124.242142" intensity="2.581795e+000" type="0"/>
    <Peak1D F1="113.956421" intensity="1.403781e+001" type="0"/>
    <Peak1D F1="113.482307" intensity="1.340256e+001" type="0"/>
    <Peak1D F1="77.374046" intensity="2.958736e+001" type="0"/>
    <Peak1D F1="77.259872" intensity="1.633712e+000" type="0"/>
    <Peak1D F1="77.055984" intensity="3.001803e+001" type="0"/>
    <Peak1D F1="76.738724" intensity="2.943847e+001" type="0"/>
    <Peak1D F1="55.582443" intensity="7.687194e+000" type="0"/>
    <Peak1D F1="55.351192" intensity="7.753753e+000" type="0"/>
    <Peak1D F1="20.918945" intensity="6.757779e+000" type="0"/>
  </PeakList1D>
</PeakList>
