<?xml version="1.0" encoding="UTF-8"?>
<PeakList>
  <PeakList1D>
    <PeakList1DHeader creator="nmr" date="2021-10-19T14:11:39.781+03:00" expNo="1" name="AM-S1-13C" owner="" procNo="1" source="\\132.72.8.180\400b\Milo\Milo">
      <PeakPickDetails>F1=219.481201ppm, F2=-19.481190ppm, MI=0.00cm, MAXI=10000.00cm, PC=1.400
      </PeakPickDetails>
    </PeakList1DHeader>
    <Peak1D F1="163.019470" intensity="2.378734e+000" type="0"/>
    <Peak1D F1="158.040405" intensity="3.925828e+000" type="0"/>
    <Peak1D F1="135.756775" intensity="1.406238e+001" type="0"/>
    <Peak1D F1="134.724411" intensity="9.063157e-001" type="0"/>
    <Peak1D F1="133.653473" intensity="1.407911e+001" type="0"/>
    <Peak1D F1="133.347794" intensity="5.961152e-001" type="0"/>
    <Peak1D F1="125.396103" intensity="4.702605e+000" type="0"/>
    <Peak1D F1="123.595482" intensity="2.688634e+000" type="0"/>
    <Peak1D F1="113.565704" intensity="1.368157e+001" type="0"/>
    <Peak1D F1="113.195358" intensity="7.134991e-001" type="0"/>
    <Peak1D F1="77.356529" intensity="2.251210e+001" type="0"/>
    <Peak1D F1="77.240616" intensity="1.074174e+000" type="0"/>
    <Peak1D F1="77.038986" intensity="2.330299e+001" type="0"/>
    <Peak1D F1="76.721024" intensity="2.274294e+001" type="0"/>
    <Peak1D F1="57.152752" intensity="8.407582e-001" type="0"/>
    <Peak1D F1="56.468063" intensity="1.500000e+001" type="0"/>
  </PeakList1D>
</PeakList>
