<?xml version="1.0" encoding="UTF-8"?>
<PeakList>
  <PeakList1D>
    <PeakList1DHeader creator="nmr" date="2021-10-25T14:25:08.652+03:00" expNo="9" name="AM-150-4-Br" owner="" procNo="1" source="//132.72.8.180/400b/Milo/Milo">
      <PeakPickDetails>F1=16.095341ppm, F2=-3.933704ppm, MI=0.00cm, MAXI=10000.00cm, PC=1.000
      </PeakPickDetails>
    </PeakList1DHeader>
    <Peak1D F1="12.949296" intensity="1.787590e-002" type="0"/>
    <Peak1D F1="10.327195" intensity="1.849023e-002" type="0"/>
    <Peak1D F1="10.227323" intensity="2.408119e-002" type="0"/>
    <Peak1D F1="10.186296" intensity="2.677262e-002" type="0"/>
    <Peak1D F1="10.166728" intensity="2.692105e-002" type="0"/>
    <Peak1D F1="10.105464" intensity="4.430254e-002" type="0"/>
    <Peak1D F1="10.051956" intensity="6.591903e-002" type="0"/>
    <Peak1D F1="9.958036" intensity="1.278237e-001" type="0"/>
    <Peak1D F1="9.925909" intensity="1.246022e-001" type="0"/>
    <Peak1D F1="9.890108" intensity="9.684568e-002" type="0"/>
    <Peak1D F1="9.799317" intensity="4.740236e-002" type="0"/>
    <Peak1D F1="9.779717" intensity="4.466456e-002" type="0"/>
    <Peak1D F1="9.754272" intensity="3.295463e-002" type="0"/>
    <Peak1D F1="9.746041" intensity="2.855824e-002" type="0"/>
    <Peak1D F1="9.703319" intensity="2.385577e-002" type="0"/>
    <Peak1D F1="9.681503" intensity="2.367686e-002" type="0"/>
    <Peak1D F1="9.654792" intensity="1.890627e-002" type="0"/>
    <Peak1D F1="9.642824" intensity="2.080999e-002" type="0"/>
    <Peak1D F1="8.019708" intensity="2.142567e-002" type="0"/>
    <Peak1D F1="7.918657" intensity="2.924589e-002" type="0"/>
    <Peak1D F1="7.885751" intensity="8.944622e-002" type="0"/>
    <Peak1D F1="7.837078" intensity="2.697715e+000" type="0"/>
    <Peak1D F1="7.816940" intensity="2.834878e+000" type="0"/>
    <Peak1D F1="7.769106" intensity="8.502454e-002" type="0"/>
    <Peak1D F1="7.753040" intensity="4.733428e-002" type="0"/>
    <Peak1D F1="7.731452" intensity="3.025349e-002" type="0"/>
    <Peak1D F1="7.656179" intensity="1.859047e-002" type="0"/>
    <Peak1D F1="7.632306" intensity="1.825734e-002" type="0"/>
    <Peak1D F1="7.613234" intensity="2.072333e-002" type="0"/>
    <Peak1D F1="7.587158" intensity="2.193592e-002" type="0"/>
    <Peak1D F1="7.579631" intensity="2.508544e-002" type="0"/>
    <Peak1D F1="7.557408" intensity="3.721378e-002" type="0"/>
    <Peak1D F1="7.515579" intensity="3.730549e-002" type="0"/>
    <Peak1D F1="7.495613" intensity="4.285192e-002" type="0"/>
    <Peak1D F1="7.460873" intensity="7.033008e-002" type="0"/>
    <Peak1D F1="7.449264" intensity="1.597802e-001" type="0"/>
    <Peak1D F1="7.423274" intensity="5.084344e-002" type="0"/>
    <Peak1D F1="7.310403" intensity="1.857521e+000" type="0"/>
    <Peak1D F1="7.290018" intensity="2.508558e+000" type="0"/>
    <Peak1D F1="7.243715" intensity="4.024861e+000" type="0"/>
    <Peak1D F1="7.223368" intensity="3.797364e+000" type="0"/>
    <Peak1D F1="7.190332" intensity="2.669977e+001" type="0"/>
    <Peak1D F1="7.173546" intensity="1.791994e+000" type="0"/>
    <Peak1D F1="7.141103" intensity="5.095601e-001" type="0"/>
    <Peak1D F1="7.042332" intensity="6.110535e-002" type="0"/>
    <Peak1D F1="7.012956" intensity="1.144070e-001" type="0"/>
    <Peak1D F1="6.991677" intensity="1.485866e-001" type="0"/>
    <Peak1D F1="6.963356" intensity="3.115278e+000" type="0"/>
    <Peak1D F1="6.942922" intensity="3.622991e+000" type="0"/>
    <Peak1D F1="6.926347" intensity="2.627386e-001" type="0"/>
    <Peak1D F1="6.913441" intensity="1.285942e-001" type="0"/>
    <Peak1D F1="6.891444" intensity="1.094386e-001" type="0"/>
    <Peak1D F1="6.864208" intensity="4.915148e-002" type="0"/>
    <Peak1D F1="6.814629" intensity="7.335269e-002" type="0"/>
    <Peak1D F1="6.710544" intensity="9.476830e-001" type="0"/>
    <Peak1D F1="6.614550" intensity="6.903967e-002" type="0"/>
    <Peak1D F1="6.532822" intensity="2.679987e-002" type="0"/>
    <Peak1D F1="6.511065" intensity="2.554964e-002" type="0"/>
    <Peak1D F1="6.470211" intensity="2.558790e-002" type="0"/>
    <Peak1D F1="5.273831" intensity="4.586757e-002" type="0"/>
    <Peak1D F1="5.260687" intensity="2.723582e-002" type="0"/>
    <Peak1D F1="4.386072" intensity="1.789892e-002" type="0"/>
    <Peak1D F1="4.014518" intensity="1.957794e-002" type="0"/>
    <Peak1D F1="3.488917" intensity="1.748931e-002" type="0"/>
    <Peak1D F1="3.436313" intensity="4.732645e-002" type="0"/>
    <Peak1D F1="3.417973" intensity="1.197178e-001" type="0"/>
    <Peak1D F1="3.409203" intensity="7.529700e-002" type="0"/>
    <Peak1D F1="3.400520" intensity="1.095556e-001" type="0"/>
    <Peak1D F1="3.382843" intensity="3.564600e-002" type="0"/>
    <Peak1D F1="2.512444" intensity="8.894912e-002" type="0"/>
    <Peak1D F1="2.426393" intensity="5.443585e-002" type="0"/>
    <Peak1D F1="2.404682" intensity="3.081553e-001" type="0"/>
    <Peak1D F1="2.354966" intensity="1.500000e+001" type="0"/>
    <Peak1D F1="2.318165" intensity="1.419972e-001" type="0"/>
    <Peak1D F1="2.304883" intensity="3.412810e-001" type="0"/>
    <Peak1D F1="2.285810" intensity="6.841138e-002" type="0"/>
    <Peak1D F1="2.269796" intensity="3.061262e-001" type="0"/>
    <Peak1D F1="2.219818" intensity="1.385177e+001" type="0"/>
    <Peak1D F1="2.194947" intensity="2.172063e-001" type="0"/>
    <Peak1D F1="2.184519" intensity="1.303599e-001" type="0"/>
    <Peak1D F1="2.169671" intensity="2.817735e-001" type="0"/>
    <Peak1D F1="2.149563" intensity="1.068219e-001" type="0"/>
    <Peak1D F1="2.137845" intensity="3.143387e-002" type="0"/>
    <Peak1D F1="2.130128" intensity="7.525716e-002" type="0"/>
    <Peak1D F1="2.101218" intensity="1.973862e+000" type="0"/>
    <Peak1D F1="2.059356" intensity="7.395060e-002" type="0"/>
    <Peak1D F1="2.051356" intensity="3.841547e-002" type="0"/>
    <Peak1D F1="1.966768" intensity="2.826026e-002" type="0"/>
    <Peak1D F1="1.951051" intensity="4.521732e-002" type="0"/>
    <Peak1D F1="1.587012" intensity="4.337127e-002" type="0"/>
    <Peak1D F1="1.569608" intensity="5.739364e-002" type="0"/>
    <Peak1D F1="1.481573" intensity="1.573619e+000" type="0"/>
    <Peak1D F1="1.402975" intensity="2.857647e-002" type="0"/>
    <Peak1D F1="1.362479" intensity="1.906945e-002" type="0"/>
    <Peak1D F1="1.346534" intensity="1.858262e-002" type="0"/>
    <Peak1D F1="1.315006" intensity="2.610147e-002" type="0"/>
    <Peak1D F1="1.302931" intensity="2.771689e-002" type="0"/>
    <Peak1D F1="1.243039" intensity="1.790224e-001" type="0"/>
    <Peak1D F1="1.186475" intensity="3.024196e-001" type="0"/>
    <Peak1D F1="1.156338" intensity="1.279653e-001" type="0"/>
    <Peak1D F1="1.138736" intensity="2.176215e-001" type="0"/>
    <Peak1D F1="1.121341" intensity="1.088256e-001" type="0"/>
    <Peak1D F1="0.826028" intensity="5.987282e-002" type="0"/>
    <Peak1D F1="0.811995" intensity="1.212884e-001" type="0"/>
    <Peak1D F1="0.794400" intensity="5.956432e-002" type="0"/>
    <Peak1D F1="0.780410" intensity="3.712631e-002" type="0"/>
    <Peak1D F1="0.736331" intensity="1.776911e-002" type="0"/>
    <Peak1D F1="0.569384" intensity="1.853145e-002" type="0"/>
    <Peak1D F1="0.549902" intensity="1.864862e-002" type="0"/>
    <Peak1D F1="-0.000154" intensity="2.447754e-001" type="0"/>
  </PeakList1D>
</PeakList>
