<?xml version="1.0" encoding="UTF-8"?>
<PeakList>
  <PeakList1D>
    <PeakList1DHeader creator="nmr" date="2021-10-25T14:33:14.213+03:00" expNo="10" name="AM-150-3-Cl" owner="" procNo="1" source="//132.72.8.180/400b/Milo/Milo">
      <PeakPickDetails>F1=16.094900ppm, F2=-3.934145ppm, MI=0.00cm, MAXI=10000.00cm, PC=1.000
      </PeakPickDetails>
    </PeakList1DHeader>
    <Peak1D F1="13.817293" intensity="1.080393e-002" type="0"/>
    <Peak1D F1="10.536257" intensity="1.319690e-002" type="0"/>
    <Peak1D F1="10.362820" intensity="1.082362e-002" type="0"/>
    <Peak1D F1="10.349063" intensity="1.188592e-002" type="0"/>
    <Peak1D F1="10.337514" intensity="1.243179e-002" type="0"/>
    <Peak1D F1="10.320565" intensity="1.429730e-002" type="0"/>
    <Peak1D F1="10.290651" intensity="1.447934e-002" type="0"/>
    <Peak1D F1="10.258385" intensity="1.766008e-002" type="0"/>
    <Peak1D F1="10.239138" intensity="1.671628e-002" type="0"/>
    <Peak1D F1="10.160472" intensity="3.261010e-002" type="0"/>
    <Peak1D F1="10.152967" intensity="3.133561e-002" type="0"/>
    <Peak1D F1="10.103030" intensity="5.038226e-002" type="0"/>
    <Peak1D F1="9.993152" intensity="1.254661e-001" type="0"/>
    <Peak1D F1="9.978787" intensity="1.260321e-001" type="0"/>
    <Peak1D F1="9.973198" intensity="1.246710e-001" type="0"/>
    <Peak1D F1="9.935573" intensity="1.058591e-001" type="0"/>
    <Peak1D F1="9.806239" intensity="5.052694e-002" type="0"/>
    <Peak1D F1="9.706138" intensity="1.937640e-002" type="0"/>
    <Peak1D F1="9.692523" intensity="1.858266e-002" type="0"/>
    <Peak1D F1="9.685389" intensity="1.547960e-002" type="0"/>
    <Peak1D F1="9.624463" intensity="1.582411e-002" type="0"/>
    <Peak1D F1="9.612196" intensity="1.509410e-002" type="0"/>
    <Peak1D F1="9.604300" intensity="1.525127e-002" type="0"/>
    <Peak1D F1="9.574607" intensity="1.543970e-002" type="0"/>
    <Peak1D F1="9.549292" intensity="1.268610e-002" type="0"/>
    <Peak1D F1="9.536502" intensity="1.354261e-002" type="0"/>
    <Peak1D F1="9.494703" intensity="1.079022e-002" type="0"/>
    <Peak1D F1="9.386866" intensity="1.171514e-002" type="0"/>
    <Peak1D F1="8.145685" intensity="1.082598e-002" type="0"/>
    <Peak1D F1="8.031101" intensity="1.804867e-002" type="0"/>
    <Peak1D F1="8.016409" intensity="1.991437e-002" type="0"/>
    <Peak1D F1="8.006804" intensity="1.703233e-002" type="0"/>
    <Peak1D F1="7.960256" intensity="2.413268e-002" type="0"/>
    <Peak1D F1="7.838689" intensity="1.867973e+000" type="0"/>
    <Peak1D F1="7.819236" intensity="1.939082e+000" type="0"/>
    <Peak1D F1="7.770917" intensity="1.648815e-001" type="0"/>
    <Peak1D F1="7.751824" intensity="1.006487e-001" type="0"/>
    <Peak1D F1="7.695977" intensity="2.104556e-002" type="0"/>
    <Peak1D F1="7.684133" intensity="2.203766e-002" type="0"/>
    <Peak1D F1="7.649784" intensity="1.876621e-002" type="0"/>
    <Peak1D F1="7.633094" intensity="2.134203e-002" type="0"/>
    <Peak1D F1="7.610202" intensity="2.459962e-002" type="0"/>
    <Peak1D F1="7.585114" intensity="1.663146e-002" type="0"/>
    <Peak1D F1="7.562118" intensity="2.664714e-002" type="0"/>
    <Peak1D F1="7.524534" intensity="1.992766e-002" type="0"/>
    <Peak1D F1="7.503449" intensity="2.065947e-002" type="0"/>
    <Peak1D F1="7.485466" intensity="2.455285e-002" type="0"/>
    <Peak1D F1="7.448804" intensity="1.285745e-001" type="0"/>
    <Peak1D F1="7.430609" intensity="4.879731e-002" type="0"/>
    <Peak1D F1="7.404957" intensity="9.848461e-002" type="0"/>
    <Peak1D F1="7.395082" intensity="6.366730e-002" type="0"/>
    <Peak1D F1="7.358505" intensity="2.046321e+000" type="0"/>
    <Peak1D F1="7.354042" intensity="3.369335e+000" type="0"/>
    <Peak1D F1="7.349649" intensity="2.207844e+000" type="0"/>
    <Peak1D F1="7.299670" intensity="2.450558e-001" type="0"/>
    <Peak1D F1="7.249462" intensity="4.055514e+000" type="0"/>
    <Peak1D F1="7.229579" intensity="3.397849e+000" type="0"/>
    <Peak1D F1="7.190020" intensity="1.663329e+001" type="0"/>
    <Peak1D F1="7.166904" intensity="3.405367e-001" type="0"/>
    <Peak1D F1="7.158359" intensity="2.626212e-001" type="0"/>
    <Peak1D F1="7.140131" intensity="5.878877e-001" type="0"/>
    <Peak1D F1="7.113352" intensity="8.830028e-001" type="0"/>
    <Peak1D F1="7.085067" intensity="9.440606e-001" type="0"/>
    <Peak1D F1="7.065602" intensity="9.278970e-001" type="0"/>
    <Peak1D F1="7.015408" intensity="2.176373e-001" type="0"/>
    <Peak1D F1="6.994290" intensity="2.270406e-001" type="0"/>
    <Peak1D F1="6.962994" intensity="2.811123e+000" type="0"/>
    <Peak1D F1="6.942713" intensity="3.240567e+000" type="0"/>
    <Peak1D F1="6.926437" intensity="2.849579e-001" type="0"/>
    <Peak1D F1="6.914242" intensity="1.596123e-001" type="0"/>
    <Peak1D F1="6.892986" intensity="1.262932e-001" type="0"/>
    <Peak1D F1="6.865643" intensity="7.642251e-002" type="0"/>
    <Peak1D F1="6.807492" intensity="1.788849e-001" type="0"/>
    <Peak1D F1="6.786391" intensity="2.203729e-001" type="0"/>
    <Peak1D F1="6.717190" intensity="7.984992e-001" type="0"/>
    <Peak1D F1="6.515418" intensity="2.584858e-002" type="0"/>
    <Peak1D F1="6.410271" intensity="1.219015e-002" type="0"/>
    <Peak1D F1="6.333591" intensity="1.108902e-002" type="0"/>
    <Peak1D F1="6.313993" intensity="1.725298e-002" type="0"/>
    <Peak1D F1="5.318081" intensity="1.170656e-002" type="0"/>
    <Peak1D F1="5.274945" intensity="3.539628e-002" type="0"/>
    <Peak1D F1="5.228907" intensity="1.241857e-002" type="0"/>
    <Peak1D F1="4.399086" intensity="3.235871e-002" type="0"/>
    <Peak1D F1="3.512673" intensity="1.161921e-002" type="0"/>
    <Peak1D F1="3.495414" intensity="1.608120e-002" type="0"/>
    <Peak1D F1="3.452234" intensity="1.034952e-001" type="0"/>
    <Peak1D F1="3.434997" intensity="1.083700e-001" type="0"/>
    <Peak1D F1="3.417310" intensity="2.990879e-001" type="0"/>
    <Peak1D F1="3.399823" intensity="3.057704e-001" type="0"/>
    <Peak1D F1="3.382248" intensity="9.837373e-002" type="0"/>
    <Peak1D F1="3.342198" intensity="2.589083e-002" type="0"/>
    <Peak1D F1="2.963192" intensity="1.117182e-002" type="0"/>
    <Peak1D F1="2.579621" intensity="1.223817e-002" type="0"/>
    <Peak1D F1="2.515682" intensity="8.909680e-002" type="0"/>
    <Peak1D F1="2.463295" intensity="3.412384e-002" type="0"/>
    <Peak1D F1="2.409401" intensity="3.176335e-001" type="0"/>
    <Peak1D F1="2.358725" intensity="1.500000e+001" type="0"/>
    <Peak1D F1="2.308453" intensity="4.356568e-001" type="0"/>
    <Peak1D F1="2.285624" intensity="6.327415e-001" type="0"/>
    <Peak1D F1="2.266314" intensity="3.084828e-001" type="0"/>
    <Peak1D F1="2.215613" intensity="1.341753e+001" type="0"/>
    <Peak1D F1="2.182127" intensity="1.378709e-001" type="0"/>
    <Peak1D F1="2.165782" intensity="2.714870e-001" type="0"/>
    <Peak1D F1="2.147260" intensity="1.066191e-001" type="0"/>
    <Peak1D F1="2.127200" intensity="5.938236e-002" type="0"/>
    <Peak1D F1="2.100246" intensity="1.441910e-001" type="0"/>
    <Peak1D F1="2.055520" intensity="7.348198e-002" type="0"/>
    <Peak1D F1="2.023762" intensity="1.126798e-002" type="0"/>
    <Peak1D F1="1.999313" intensity="1.277328e-002" type="0"/>
    <Peak1D F1="1.946680" intensity="3.805857e-002" type="0"/>
    <Peak1D F1="1.932091" intensity="3.646888e-002" type="0"/>
    <Peak1D F1="1.565827" intensity="3.191195e-002" type="0"/>
    <Peak1D F1="1.550258" intensity="3.322609e-002" type="0"/>
    <Peak1D F1="1.528318" intensity="1.786935e-001" type="0"/>
    <Peak1D F1="1.515120" intensity="3.959571e-002" type="0"/>
    <Peak1D F1="1.477941" intensity="8.859057e+000" type="0"/>
    <Peak1D F1="1.427939" intensity="1.193127e-001" type="0"/>
    <Peak1D F1="1.241098" intensity="1.269321e-001" type="0"/>
    <Peak1D F1="1.197275" intensity="1.459695e-001" type="0"/>
    <Peak1D F1="1.184747" intensity="1.504625e-001" type="0"/>
    <Peak1D F1="1.155613" intensity="3.325120e-001" type="0"/>
    <Peak1D F1="1.138102" intensity="6.170802e-001" type="0"/>
    <Peak1D F1="1.120565" intensity="3.005364e-001" type="0"/>
    <Peak1D F1="1.104064" intensity="1.246750e-002" type="0"/>
    <Peak1D F1="1.088558" intensity="1.336630e-002" type="0"/>
    <Peak1D F1="0.961071" intensity="1.080032e-002" type="0"/>
    <Peak1D F1="0.842098" intensity="1.222368e-002" type="0"/>
    <Peak1D F1="0.828643" intensity="3.986225e-002" type="0"/>
    <Peak1D F1="0.811294" intensity="8.486237e-002" type="0"/>
    <Peak1D F1="0.794354" intensity="3.242535e-002" type="0"/>
    <Peak1D F1="0.762411" intensity="1.606560e-002" type="0"/>
    <Peak1D F1="0.701345" intensity="1.191986e-002" type="0"/>
    <Peak1D F1="0.680831" intensity="1.287754e-002" type="0"/>
    <Peak1D F1="0.571230" intensity="1.234740e-002" type="0"/>
    <Peak1D F1="0.471816" intensity="1.066628e-002" type="0"/>
    <Peak1D F1="0.370957" intensity="1.084577e-002" type="0"/>
    <Peak1D F1="-0.000155" intensity="2.574294e-001" type="0"/>
    <Peak1D F1="-3.540064" intensity="1.122412e-002" type="0"/>
  </PeakList1D>
</PeakList>
