<?xml version="1.0" encoding="UTF-8"?>
<PeakList>
  <PeakList1D>
    <PeakList1DHeader creator="nmr" date="2022-07-07T10:30:08.184+03:00" expNo="6" name="AM-Ketone" owner="" procNo="1" source="//132.72.8.180/400b/Milo/Milo">
      <PeakPickDetails>F1=16.097940ppm, F2=-3.931105ppm, MI=0.00cm, MAXI=10000.00cm, PC=1.000
      </PeakPickDetails>
    </PeakList1DHeader>
    <Peak1D F1="15.679823" intensity="5.264911e-003" type="0"/>
    <Peak1D F1="12.089842" intensity="8.919265e-003" type="0"/>
    <Peak1D F1="12.077196" intensity="9.368259e-003" type="0"/>
    <Peak1D F1="12.067660" intensity="8.892732e-003" type="0"/>
    <Peak1D F1="12.050574" intensity="7.914810e-003" type="0"/>
    <Peak1D F1="11.758615" intensity="5.092110e-003" type="0"/>
    <Peak1D F1="8.590641" intensity="5.328871e-003" type="0"/>
    <Peak1D F1="8.387318" intensity="6.170231e-003" type="0"/>
    <Peak1D F1="8.347607" intensity="7.106925e-003" type="0"/>
    <Peak1D F1="8.235073" intensity="1.732533e-002" type="0"/>
    <Peak1D F1="8.218286" intensity="1.979558e-002" type="0"/>
    <Peak1D F1="8.179244" intensity="2.074060e-002" type="0"/>
    <Peak1D F1="8.160467" intensity="2.453157e-002" type="0"/>
    <Peak1D F1="8.082877" intensity="6.233325e-002" type="0"/>
    <Peak1D F1="8.064020" intensity="8.321411e-002" type="0"/>
    <Peak1D F1="8.033731" intensity="1.635000e+000" type="0"/>
    <Peak1D F1="8.014585" intensity="1.802100e+000" type="0"/>
    <Peak1D F1="7.976192" intensity="1.609379e+000" type="0"/>
    <Peak1D F1="7.957936" intensity="1.726026e+000" type="0"/>
    <Peak1D F1="7.927983" intensity="5.933297e-002" type="0"/>
    <Peak1D F1="7.908337" intensity="5.909751e-002" type="0"/>
    <Peak1D F1="7.870947" intensity="1.755477e-002" type="0"/>
    <Peak1D F1="7.853972" intensity="1.715680e-002" type="0"/>
    <Peak1D F1="7.825005" intensity="1.644678e-002" type="0"/>
    <Peak1D F1="7.807031" intensity="2.144978e-002" type="0"/>
    <Peak1D F1="7.767627" intensity="2.555901e-002" type="0"/>
    <Peak1D F1="7.746441" intensity="3.411166e-002" type="0"/>
    <Peak1D F1="7.723913" intensity="4.315891e-002" type="0"/>
    <Peak1D F1="7.703742" intensity="6.561193e-002" type="0"/>
    <Peak1D F1="7.672704" intensity="8.296371e-001" type="0"/>
    <Peak1D F1="7.670604" intensity="7.865734e-001" type="0"/>
    <Peak1D F1="7.654000" intensity="1.724664e+000" type="0"/>
    <Peak1D F1="7.635030" intensity="1.007876e+000" type="0"/>
    <Peak1D F1="7.632892" intensity="8.942034e-001" type="0"/>
    <Peak1D F1="7.601923" intensity="6.528360e-002" type="0"/>
    <Peak1D F1="7.592204" intensity="6.953591e-002" type="0"/>
    <Peak1D F1="7.582273" intensity="7.341992e-002" type="0"/>
    <Peak1D F1="7.561702" intensity="1.113881e+000" type="0"/>
    <Peak1D F1="7.559728" intensity="1.039085e+000" type="0"/>
    <Peak1D F1="7.542850" intensity="1.707054e+000" type="0"/>
    <Peak1D F1="7.523994" intensity="7.299064e-001" type="0"/>
    <Peak1D F1="7.494259" intensity="4.090493e-002" type="0"/>
    <Peak1D F1="7.473931" intensity="1.479197e-002" type="0"/>
    <Peak1D F1="7.452670" intensity="2.663879e-002" type="0"/>
    <Peak1D F1="7.429468" intensity="7.736000e-003" type="0"/>
    <Peak1D F1="7.355708" intensity="1.047256e-002" type="0"/>
    <Peak1D F1="7.340173" intensity="1.414153e-002" type="0"/>
    <Peak1D F1="7.321298" intensity="1.029784e-002" type="0"/>
    <Peak1D F1="7.287690" intensity="1.033234e-002" type="0"/>
    <Peak1D F1="7.243614" intensity="7.799619e-002" type="0"/>
    <Peak1D F1="7.193412" intensity="4.196221e+000" type="0"/>
    <Peak1D F1="7.144006" intensity="6.130287e-002" type="0"/>
    <Peak1D F1="6.928953" intensity="1.966109e-002" type="0"/>
    <Peak1D F1="6.274423" intensity="7.490207e-003" type="0"/>
    <Peak1D F1="6.263634" intensity="8.941600e-003" type="0"/>
    <Peak1D F1="6.188805" intensity="2.183318e-002" type="0"/>
    <Peak1D F1="6.071959" intensity="5.834592e-001" type="0"/>
    <Peak1D F1="5.953685" intensity="1.592448e-002" type="0"/>
    <Peak1D F1="5.931297" intensity="1.535944e-002" type="0"/>
    <Peak1D F1="5.864671" intensity="2.829312e-002" type="0"/>
    <Peak1D F1="5.811287" intensity="9.659979e-003" type="0"/>
    <Peak1D F1="5.715941" intensity="9.002849e-002" type="0"/>
    <Peak1D F1="5.665526" intensity="4.402153e+000" type="0"/>
    <Peak1D F1="5.616138" intensity="7.033875e-002" type="0"/>
    <Peak1D F1="5.521806" intensity="6.686431e-002" type="0"/>
    <Peak1D F1="5.463132" intensity="2.278230e-002" type="0"/>
    <Peak1D F1="5.274838" intensity="7.076791e-003" type="0"/>
    <Peak1D F1="4.218678" intensity="1.078752e-002" type="0"/>
    <Peak1D F1="4.150393" intensity="1.235923e-002" type="0"/>
    <Peak1D F1="4.077383" intensity="1.011171e-002" type="0"/>
    <Peak1D F1="4.060126" intensity="2.291372e-002" type="0"/>
    <Peak1D F1="4.041684" intensity="2.321571e-002" type="0"/>
    <Peak1D F1="4.023768" intensity="8.012816e-003" type="0"/>
    <Peak1D F1="3.858575" intensity="7.275739e-003" type="0"/>
    <Peak1D F1="3.836458" intensity="5.948936e-003" type="0"/>
    <Peak1D F1="3.746717" intensity="6.701513e-003" type="0"/>
    <Peak1D F1="3.698803" intensity="1.165984e-002" type="0"/>
    <Peak1D F1="3.657246" intensity="1.009156e-002" type="0"/>
    <Peak1D F1="3.620787" intensity="1.030505e-002" type="0"/>
    <Peak1D F1="3.605394" intensity="1.503279e-002" type="0"/>
    <Peak1D F1="3.598169" intensity="2.767396e-002" type="0"/>
    <Peak1D F1="3.581693" intensity="2.568748e-002" type="0"/>
    <Peak1D F1="3.566056" intensity="2.557888e-002" type="0"/>
    <Peak1D F1="3.556672" intensity="2.761289e-002" type="0"/>
    <Peak1D F1="3.519611" intensity="3.233367e-002" type="0"/>
    <Peak1D F1="3.490650" intensity="5.309203e-002" type="0"/>
    <Peak1D F1="3.475221" intensity="9.799933e-002" type="0"/>
    <Peak1D F1="3.459858" intensity="1.280726e-001" type="0"/>
    <Peak1D F1="3.440666" intensity="1.167998e+000" type="0"/>
    <Peak1D F1="3.425198" intensity="3.215882e+000" type="0"/>
    <Peak1D F1="3.409689" intensity="3.269449e+000" type="0"/>
    <Peak1D F1="3.394169" intensity="1.194620e+000" type="0"/>
    <Peak1D F1="3.375899" intensity="8.339646e-002" type="0"/>
    <Peak1D F1="3.360225" intensity="7.513591e-002" type="0"/>
    <Peak1D F1="3.344617" intensity="3.031337e-002" type="0"/>
    <Peak1D F1="3.325250" intensity="1.680373e-002" type="0"/>
    <Peak1D F1="3.263411" intensity="1.135109e-002" type="0"/>
    <Peak1D F1="3.248353" intensity="2.021275e-002" type="0"/>
    <Peak1D F1="3.232586" intensity="2.512104e-002" type="0"/>
    <Peak1D F1="3.215315" intensity="1.315002e-002" type="0"/>
    <Peak1D F1="3.193081" intensity="9.651214e-003" type="0"/>
    <Peak1D F1="3.065392" intensity="5.476948e-002" type="0"/>
    <Peak1D F1="3.047056" intensity="1.349900e-001" type="0"/>
    <Peak1D F1="3.035297" intensity="1.487603e-001" type="0"/>
    <Peak1D F1="3.029150" intensity="1.452176e-001" type="0"/>
    <Peak1D F1="3.017162" intensity="1.387414e-001" type="0"/>
    <Peak1D F1="2.998880" intensity="4.769564e-002" type="0"/>
    <Peak1D F1="2.977258" intensity="1.137468e-002" type="0"/>
    <Peak1D F1="2.942062" intensity="1.136710e-002" type="0"/>
    <Peak1D F1="2.915530" intensity="1.934477e-002" type="0"/>
    <Peak1D F1="2.900895" intensity="3.198982e-002" type="0"/>
    <Peak1D F1="2.885144" intensity="2.106811e-002" type="0"/>
    <Peak1D F1="2.867759" intensity="1.858943e-002" type="0"/>
    <Peak1D F1="2.811552" intensity="7.298217e-002" type="0"/>
    <Peak1D F1="2.795553" intensity="1.175460e-001" type="0"/>
    <Peak1D F1="2.779455" intensity="1.327040e-001" type="0"/>
    <Peak1D F1="2.760689" intensity="2.394348e+000" type="0"/>
    <Peak1D F1="2.745378" intensity="4.347256e+000" type="0"/>
    <Peak1D F1="2.730054" intensity="2.131687e+000" type="0"/>
    <Peak1D F1="2.695963" intensity="8.844405e-002" type="0"/>
    <Peak1D F1="2.680454" intensity="4.719897e-002" type="0"/>
    <Peak1D F1="2.602150" intensity="1.876783e-002" type="0"/>
    <Peak1D F1="2.586120" intensity="2.842234e-002" type="0"/>
    <Peak1D F1="2.572868" intensity="1.953443e-002" type="0"/>
    <Peak1D F1="2.543326" intensity="3.240755e-002" type="0"/>
    <Peak1D F1="2.511925" intensity="1.099253e-002" type="0"/>
    <Peak1D F1="2.499406" intensity="1.319713e-002" type="0"/>
    <Peak1D F1="2.474163" intensity="1.174487e-002" type="0"/>
    <Peak1D F1="2.458643" intensity="1.212290e-002" type="0"/>
    <Peak1D F1="2.418707" intensity="1.521030e-002" type="0"/>
    <Peak1D F1="2.354513" intensity="1.715354e-002" type="0"/>
    <Peak1D F1="2.287931" intensity="9.836774e-002" type="0"/>
    <Peak1D F1="2.180579" intensity="3.025749e-001" type="0"/>
    <Peak1D F1="2.130203" intensity="1.500000e+001" type="0"/>
    <Peak1D F1="2.080468" intensity="2.671138e-001" type="0"/>
    <Peak1D F1="2.052679" intensity="3.665154e-002" type="0"/>
    <Peak1D F1="2.040559" intensity="3.428888e-002" type="0"/>
    <Peak1D F1="2.021177" intensity="2.863885e-002" type="0"/>
    <Peak1D F1="2.009902" intensity="2.812465e-002" type="0"/>
    <Peak1D F1="1.972181" intensity="1.406592e-001" type="0"/>
    <Peak1D F1="1.933260" intensity="3.592689e-002" type="0"/>
    <Peak1D F1="1.897296" intensity="3.202575e-002" type="0"/>
    <Peak1D F1="1.827812" intensity="1.497248e-002" type="0"/>
    <Peak1D F1="1.808832" intensity="1.762996e-002" type="0"/>
    <Peak1D F1="1.752676" intensity="1.232386e-002" type="0"/>
    <Peak1D F1="1.737425" intensity="1.290359e-002" type="0"/>
    <Peak1D F1="1.726708" intensity="1.165568e-002" type="0"/>
    <Peak1D F1="1.625569" intensity="1.499278e-002" type="0"/>
    <Peak1D F1="1.584066" intensity="4.128205e-002" type="0"/>
    <Peak1D F1="1.558624" intensity="2.316220e-001" type="0"/>
    <Peak1D F1="1.534019" intensity="1.130132e+000" type="0"/>
    <Peak1D F1="1.484387" intensity="3.511627e-002" type="0"/>
    <Peak1D F1="1.436005" intensity="1.674420e-002" type="0"/>
    <Peak1D F1="1.417643" intensity="1.960164e-002" type="0"/>
    <Peak1D F1="1.395406" intensity="2.510040e-002" type="0"/>
    <Peak1D F1="1.364330" intensity="3.011723e-001" type="0"/>
    <Peak1D F1="1.346067" intensity="5.757717e-001" type="0"/>
    <Peak1D F1="1.327726" intensity="2.793900e-001" type="0"/>
    <Peak1D F1="1.295881" intensity="2.494502e-002" type="0"/>
    <Peak1D F1="1.280166" intensity="5.406738e-002" type="0"/>
    <Peak1D F1="1.229149" intensity="6.819946e-002" type="0"/>
    <Peak1D F1="1.205572" intensity="8.097584e-002" type="0"/>
    <Peak1D F1="1.183965" intensity="3.079470e-001" type="0"/>
    <Peak1D F1="1.153571" intensity="2.740364e-002" type="0"/>
    <Peak1D F1="1.136590" intensity="3.293470e-002" type="0"/>
    <Peak1D F1="1.119389" intensity="1.760456e-002" type="0"/>
    <Peak1D F1="1.068337" intensity="1.733955e-002" type="0"/>
    <Peak1D F1="1.050961" intensity="1.131873e-002" type="0"/>
    <Peak1D F1="1.040879" intensity="1.740786e-002" type="0"/>
    <Peak1D F1="0.978002" intensity="6.973007e-003" type="0"/>
    <Peak1D F1="0.952207" intensity="5.714845e-003" type="0"/>
    <Peak1D F1="0.926526" intensity="5.731770e-003" type="0"/>
    <Peak1D F1="0.909013" intensity="6.156950e-003" type="0"/>
    <Peak1D F1="0.864994" intensity="7.251484e-003" type="0"/>
    <Peak1D F1="0.809764" intensity="3.344079e-002" type="0"/>
    <Peak1D F1="0.791847" intensity="1.692307e-002" type="0"/>
    <Peak1D F1="0.717497" intensity="5.363913e-003" type="0"/>
    <Peak1D F1="0.666065" intensity="5.526042e-003" type="0"/>
    <Peak1D F1="0.048520" intensity="7.545457e-003" type="0"/>
    <Peak1D F1="-0.000152" intensity="3.375273e-001" type="0"/>
    <Peak1D F1="-0.049984" intensity="6.613453e-003" type="0"/>
  </PeakList1D>
</PeakList>
