<?xml version="1.0" encoding="UTF-8"?>
<PeakList>
  <PeakList1D>
    <PeakList1DHeader creator="nmr" date="2021-11-01T13:26:34.383+02:00" expNo="4" name="AM-4-OMe-Azide" owner="" procNo="1" source="//132.72.8.180/400b/Milo/Milo">
      <PeakPickDetails>F1=16.096649ppm, F2=-3.932396ppm, MI=0.00cm, MAXI=10000.00cm, PC=1.000
      </PeakPickDetails>
    </PeakList1DHeader>
    <Peak1D F1="8.318452" intensity="5.521023e-004" type="0"/>
    <Peak1D F1="8.176093" intensity="5.961224e-004" type="0"/>
    <Peak1D F1="8.119489" intensity="8.367508e-004" type="0"/>
    <Peak1D F1="8.037987" intensity="1.223968e-002" type="0"/>
    <Peak1D F1="8.034135" intensity="1.350571e-002" type="0"/>
    <Peak1D F1="8.014726" intensity="1.445506e-002" type="0"/>
    <Peak1D F1="7.949183" intensity="5.879546e-003" type="0"/>
    <Peak1D F1="7.928217" intensity="8.506870e-003" type="0"/>
    <Peak1D F1="7.877522" intensity="8.628117e-002" type="0"/>
    <Peak1D F1="7.855595" intensity="1.181957e-001" type="0"/>
    <Peak1D F1="7.835375" intensity="7.408795e-001" type="0"/>
    <Peak1D F1="7.828454" intensity="4.130894e+000" type="0"/>
    <Peak1D F1="7.823996" intensity="1.455787e+000" type="0"/>
    <Peak1D F1="7.810686" intensity="1.852865e+000" type="0"/>
    <Peak1D F1="7.806168" intensity="4.162859e+000" type="0"/>
    <Peak1D F1="7.799328" intensity="5.738895e-001" type="0"/>
    <Peak1D F1="7.778199" intensity="8.962034e-002" type="0"/>
    <Peak1D F1="7.755820" intensity="7.855672e-002" type="0"/>
    <Peak1D F1="7.706272" intensity="4.362503e-003" type="0"/>
    <Peak1D F1="7.691480" intensity="2.528762e-003" type="0"/>
    <Peak1D F1="7.668698" intensity="1.970747e-003" type="0"/>
    <Peak1D F1="7.620853" intensity="1.309176e-002" type="0"/>
    <Peak1D F1="7.618080" intensity="1.361147e-002" type="0"/>
    <Peak1D F1="7.598253" intensity="1.455377e-002" type="0"/>
    <Peak1D F1="7.592039" intensity="1.188175e-002" type="0"/>
    <Peak1D F1="7.569743" intensity="1.199248e-003" type="0"/>
    <Peak1D F1="7.540783" intensity="9.540824e-004" type="0"/>
    <Peak1D F1="7.524894" intensity="7.640289e-004" type="0"/>
    <Peak1D F1="7.517425" intensity="8.442409e-004" type="0"/>
    <Peak1D F1="7.489949" intensity="7.297138e-004" type="0"/>
    <Peak1D F1="7.450409" intensity="3.616918e-003" type="0"/>
    <Peak1D F1="7.419057" intensity="7.293388e-004" type="0"/>
    <Peak1D F1="7.389548" intensity="7.585255e-004" type="0"/>
    <Peak1D F1="7.354057" intensity="1.034164e-003" type="0"/>
    <Peak1D F1="7.326933" intensity="1.123192e-003" type="0"/>
    <Peak1D F1="7.285365" intensity="1.701046e-003" type="0"/>
    <Peak1D F1="7.240038" intensity="1.140065e-002" type="0"/>
    <Peak1D F1="7.191203" intensity="5.994552e-001" type="0"/>
    <Peak1D F1="7.175774" intensity="1.879236e-002" type="0"/>
    <Peak1D F1="7.158351" intensity="4.274067e-003" type="0"/>
    <Peak1D F1="7.140788" intensity="1.332921e-002" type="0"/>
    <Peak1D F1="7.092525" intensity="9.103946e-003" type="0"/>
    <Peak1D F1="7.041296" intensity="8.930098e-002" type="0"/>
    <Peak1D F1="7.019183" intensity="1.156213e-001" type="0"/>
    <Peak1D F1="6.992320" intensity="4.258830e+000" type="0"/>
    <Peak1D F1="6.987874" intensity="1.498474e+000" type="0"/>
    <Peak1D F1="6.974371" intensity="1.779053e+000" type="0"/>
    <Peak1D F1="6.969939" intensity="3.888036e+000" type="0"/>
    <Peak1D F1="6.942020" intensity="9.111898e-002" type="0"/>
    <Peak1D F1="6.919613" intensity="7.446155e-002" type="0"/>
    <Peak1D F1="6.891448" intensity="7.465515e-003" type="0"/>
    <Peak1D F1="6.788105" intensity="1.413771e-002" type="0"/>
    <Peak1D F1="6.783410" intensity="1.330075e-002" type="0"/>
    <Peak1D F1="6.765853" intensity="1.400379e-002" type="0"/>
    <Peak1D F1="6.759109" intensity="1.201814e-002" type="0"/>
    <Peak1D F1="6.708568" intensity="8.643093e-004" type="0"/>
    <Peak1D F1="6.688281" intensity="6.968072e-004" type="0"/>
    <Peak1D F1="5.405982" intensity="6.478091e-004" type="0"/>
    <Peak1D F1="5.384513" intensity="5.950381e-004" type="0"/>
    <Peak1D F1="5.352488" intensity="5.103584e-004" type="0"/>
    <Peak1D F1="5.322037" intensity="6.028512e-004" type="0"/>
    <Peak1D F1="5.268489" intensity="2.003413e-003" type="0"/>
    <Peak1D F1="5.227162" intensity="5.948510e-004" type="0"/>
    <Peak1D F1="5.211518" intensity="5.111988e-004" type="0"/>
    <Peak1D F1="5.147682" intensity="4.893197e-004" type="0"/>
    <Peak1D F1="4.692125" intensity="5.766028e-004" type="0"/>
    <Peak1D F1="4.680412" intensity="5.656186e-004" type="0"/>
    <Peak1D F1="4.466584" intensity="5.497201e-004" type="0"/>
    <Peak1D F1="4.367825" intensity="6.173405e-004" type="0"/>
    <Peak1D F1="4.349148" intensity="6.204253e-004" type="0"/>
    <Peak1D F1="4.308342" intensity="6.564775e-004" type="0"/>
    <Peak1D F1="4.265553" intensity="7.544920e-004" type="0"/>
    <Peak1D F1="4.237314" intensity="8.527765e-004" type="0"/>
    <Peak1D F1="4.224566" intensity="9.178782e-004" type="0"/>
    <Peak1D F1="4.190333" intensity="1.040935e-003" type="0"/>
    <Peak1D F1="4.169230" intensity="1.207073e-003" type="0"/>
    <Peak1D F1="4.137331" intensity="1.808197e-003" type="0"/>
    <Peak1D F1="4.099226" intensity="1.870280e-003" type="0"/>
    <Peak1D F1="4.066687" intensity="3.236290e-003" type="0"/>
    <Peak1D F1="4.037381" intensity="4.154090e-003" type="0"/>
    <Peak1D F1="4.017106" intensity="8.851536e-002" type="0"/>
    <Peak1D F1="3.986345" intensity="7.257724e-003" type="0"/>
    <Peak1D F1="3.966455" intensity="1.044821e-002" type="0"/>
    <Peak1D F1="3.961403" intensity="1.117141e-002" type="0"/>
    <Peak1D F1="3.947897" intensity="1.317855e-002" type="0"/>
    <Peak1D F1="3.937429" intensity="1.708307e-002" type="0"/>
    <Peak1D F1="3.932129" intensity="2.096798e-002" type="0"/>
    <Peak1D F1="3.887822" intensity="2.886606e-001" type="0"/>
    <Peak1D F1="3.838161" intensity="1.500000e+001" type="0"/>
    <Peak1D F1="3.787771" intensity="2.773578e-001" type="0"/>
    <Peak1D F1="3.766443" intensity="1.516628e-002" type="0"/>
    <Peak1D F1="3.756395" intensity="1.309358e-002" type="0"/>
    <Peak1D F1="3.741104" intensity="9.787393e-003" type="0"/>
    <Peak1D F1="3.737691" intensity="1.103620e-002" type="0"/>
    <Peak1D F1="3.722432" intensity="5.741403e-003" type="0"/>
    <Peak1D F1="3.704652" intensity="4.420808e-003" type="0"/>
    <Peak1D F1="3.678069" intensity="3.303300e-003" type="0"/>
    <Peak1D F1="3.654184" intensity="8.668822e-002" type="0"/>
    <Peak1D F1="3.604258" intensity="2.176807e-003" type="0"/>
    <Peak1D F1="3.577549" intensity="1.064638e-003" type="0"/>
    <Peak1D F1="3.535568" intensity="7.021262e-004" type="0"/>
    <Peak1D F1="3.508142" intensity="7.124026e-004" type="0"/>
    <Peak1D F1="3.462324" intensity="6.754132e-004" type="0"/>
    <Peak1D F1="3.431848" intensity="6.365723e-004" type="0"/>
    <Peak1D F1="3.388118" intensity="6.235950e-004" type="0"/>
    <Peak1D F1="2.448456" intensity="5.410864e-004" type="0"/>
    <Peak1D F1="2.293177" intensity="9.352324e-004" type="0"/>
    <Peak1D F1="2.274979" intensity="1.456582e-003" type="0"/>
    <Peak1D F1="2.256250" intensity="1.210803e-003" type="0"/>
    <Peak1D F1="2.224018" intensity="7.934240e-004" type="0"/>
    <Peak1D F1="2.165912" intensity="1.445451e-003" type="0"/>
    <Peak1D F1="2.147343" intensity="2.488667e-003" type="0"/>
    <Peak1D F1="2.127213" intensity="1.916574e-003" type="0"/>
    <Peak1D F1="2.107072" intensity="5.823705e-004" type="0"/>
    <Peak1D F1="2.093969" intensity="5.802911e-004" type="0"/>
    <Peak1D F1="2.068288" intensity="5.713124e-004" type="0"/>
    <Peak1D F1="2.045380" intensity="6.791751e-004" type="0"/>
    <Peak1D F1="2.030076" intensity="5.795320e-004" type="0"/>
    <Peak1D F1="2.018274" intensity="5.863741e-004" type="0"/>
    <Peak1D F1="1.942102" intensity="2.482156e-003" type="0"/>
    <Peak1D F1="1.926192" intensity="2.342867e-003" type="0"/>
    <Peak1D F1="1.885009" intensity="7.814696e-004" type="0"/>
    <Peak1D F1="1.838447" intensity="6.743611e-004" type="0"/>
    <Peak1D F1="1.733718" intensity="1.113294e-003" type="0"/>
    <Peak1D F1="1.716986" intensity="1.332286e-003" type="0"/>
    <Peak1D F1="1.682936" intensity="1.450641e-003" type="0"/>
    <Peak1D F1="1.560587" intensity="3.539658e-003" type="0"/>
    <Peak1D F1="1.544814" intensity="3.258601e-003" type="0"/>
    <Peak1D F1="1.476025" intensity="1.575233e-003" type="0"/>
    <Peak1D F1="1.464706" intensity="1.499558e-003" type="0"/>
    <Peak1D F1="1.442024" intensity="1.381904e-003" type="0"/>
    <Peak1D F1="1.418016" intensity="1.134361e-003" type="0"/>
    <Peak1D F1="1.393162" intensity="1.146756e-003" type="0"/>
    <Peak1D F1="1.360754" intensity="1.098959e-003" type="0"/>
    <Peak1D F1="1.235363" intensity="1.040342e-002" type="0"/>
    <Peak1D F1="1.180229" intensity="3.363068e-002" type="0"/>
    <Peak1D F1="1.101237" intensity="1.456493e-003" type="0"/>
    <Peak1D F1="1.036489" intensity="9.122158e-004" type="0"/>
    <Peak1D F1="0.997233" intensity="8.895146e-004" type="0"/>
    <Peak1D F1="0.971968" intensity="6.894717e-004" type="0"/>
    <Peak1D F1="0.960194" intensity="8.173825e-004" type="0"/>
    <Peak1D F1="0.933355" intensity="7.871106e-004" type="0"/>
    <Peak1D F1="0.891563" intensity="8.134664e-004" type="0"/>
    <Peak1D F1="0.819819" intensity="4.231300e-003" type="0"/>
    <Peak1D F1="0.802781" intensity="7.963165e-003" type="0"/>
    <Peak1D F1="0.785681" intensity="4.173734e-003" type="0"/>
    <Peak1D F1="0.734879" intensity="9.846251e-004" type="0"/>
    <Peak1D F1="0.680224" intensity="5.239194e-004" type="0"/>
    <Peak1D F1="0.400894" intensity="4.851634e-004" type="0"/>
    <Peak1D F1="0.146052" intensity="8.413428e-004" type="0"/>
    <Peak1D F1="0.074781" intensity="7.122983e-004" type="0"/>
    <Peak1D F1="0.049255" intensity="2.852533e-003" type="0"/>
    <Peak1D F1="-0.000154" intensity="1.586062e-001" type="0"/>
    <Peak1D F1="-0.041611" intensity="8.328683e-004" type="0"/>
    <Peak1D F1="-0.050788" intensity="2.849652e-003" type="0"/>
    <Peak1D F1="-0.148589" intensity="7.896011e-004" type="0"/>
  </PeakList1D>
</PeakList>
