<?xml version="1.0" encoding="UTF-8"?>
<PeakList>
  <PeakList1D>
    <PeakList1DHeader creator="nmr" date="2021-05-31T06:27:49.339+03:00" expNo="11" name="AM-026-D-ACRC-F__13C" owner="" procNo="1" source="//132.72.8.180/400b/Milo/Milo">
      <PeakPickDetails>F1=219.481201ppm, F2=-19.481190ppm, MI=0.00cm, MAXI=10000.00cm, PC=1.400
      </PeakPickDetails>
    </PeakList1DHeader>
    <Peak1D F1="163.932617" intensity="1.331722e+000" type="0"/>
    <Peak1D F1="162.498779" intensity="5.353574e+000" type="0"/>
    <Peak1D F1="161.472656" intensity="1.525388e+000" type="0"/>
    <Peak1D F1="143.142868" intensity="2.545407e+000" type="0"/>
    <Peak1D F1="139.829285" intensity="1.479014e+000" type="0"/>
    <Peak1D F1="139.728241" intensity="1.528044e+000" type="0"/>
    <Peak1D F1="139.200546" intensity="1.841508e+000" type="0"/>
    <Peak1D F1="131.686447" intensity="5.175067e+000" type="0"/>
    <Peak1D F1="130.412155" intensity="2.916269e+000" type="0"/>
    <Peak1D F1="130.319305" intensity="2.991471e+000" type="0"/>
    <Peak1D F1="129.444733" intensity="1.393002e+001" type="0"/>
    <Peak1D F1="126.562752" intensity="1.500000e+001" type="0"/>
    <Peak1D F1="126.405380" intensity="3.839383e-001" type="0"/>
    <Peak1D F1="124.634926" intensity="1.112063e+000" type="0"/>
    <Peak1D F1="119.555748" intensity="1.065929e+000" type="0"/>
    <Peak1D F1="113.742126" intensity="1.323403e+001" type="0"/>
    <Peak1D F1="113.043297" intensity="2.305877e+000" type="0"/>
    <Peak1D F1="112.832924" intensity="2.263417e+000" type="0"/>
    <Peak1D F1="111.498383" intensity="8.423828e-001" type="0"/>
    <Peak1D F1="111.248543" intensity="7.807723e-001" type="0"/>
    <Peak1D F1="77.365845" intensity="2.775014e+001" type="0"/>
    <Peak1D F1="77.250427" intensity="1.378951e+000" type="0"/>
    <Peak1D F1="77.047577" intensity="2.839200e+001" type="0"/>
    <Peak1D F1="76.730309" intensity="2.752720e+001" type="0"/>
    <Peak1D F1="55.407921" intensity="6.543293e+000" type="0"/>
    <Peak1D F1="21.556616" intensity="6.145086e+000" type="0"/>
  </PeakList1D>
</PeakList>
