<?xml version="1.0" encoding="UTF-8"?>
<PeakList>
  <PeakList1D>
    <PeakList1DHeader creator="nmr" date="2021-10-28T09:46:12.597+03:00" expNo="8" name="AM-160-n.p-13C" owner="" procNo="1" source="//132.72.8.180/400b/Milo/Milo">
      <PeakPickDetails>F1=219.481201ppm, F2=-19.481190ppm, MI=0.00cm, MAXI=10000.00cm, PC=1.400
      </PeakPickDetails>
    </PeakList1DHeader>
    <Peak1D F1="164.965729" intensity="2.032717e-001" type="0"/>
    <Peak1D F1="164.055298" intensity="2.655246e-001" type="0"/>
    <Peak1D F1="156.162201" intensity="2.680595e-001" type="0"/>
    <Peak1D F1="143.394562" intensity="2.242061e-001" type="0"/>
    <Peak1D F1="142.827515" intensity="2.105394e-001" type="0"/>
    <Peak1D F1="134.631577" intensity="1.966472e-001" type="0"/>
    <Peak1D F1="131.971069" intensity="2.697339e-001" type="0"/>
    <Peak1D F1="130.498657" intensity="2.105479e-001" type="0"/>
    <Peak1D F1="129.977829" intensity="3.803018e-001" type="0"/>
    <Peak1D F1="129.270599" intensity="5.825752e-001" type="0"/>
    <Peak1D F1="128.788269" intensity="7.452623e-002" type="0"/>
    <Peak1D F1="128.461914" intensity="5.465856e-001" type="0"/>
    <Peak1D F1="128.008331" intensity="5.322457e-001" type="0"/>
    <Peak1D F1="126.190002" intensity="5.710706e-001" type="0"/>
    <Peak1D F1="126.027893" intensity="7.339663e-002" type="0"/>
    <Peak1D F1="125.314163" intensity="1.984545e-001" type="0"/>
    <Peak1D F1="124.801407" intensity="2.413103e-001" type="0"/>
    <Peak1D F1="114.626076" intensity="4.051201e-001" type="0"/>
    <Peak1D F1="65.389977" intensity="7.119200e-002" type="0"/>
    <Peak1D F1="56.708702" intensity="3.960209e-001" type="0"/>
    <Peak1D F1="51.354500" intensity="2.766360e-001" type="0"/>
    <Peak1D F1="40.869247" intensity="2.398019e-001" type="0"/>
    <Peak1D F1="40.630146" intensity="2.094199e+000" type="0"/>
    <Peak1D F1="40.421570" intensity="6.427525e+000" type="0"/>
    <Peak1D F1="40.212635" intensity="1.280866e+001" type="0"/>
    <Peak1D F1="40.003971" intensity="1.500000e+001" type="0"/>
    <Peak1D F1="39.795334" intensity="1.279395e+001" type="0"/>
    <Peak1D F1="39.586414" intensity="6.375672e+000" type="0"/>
    <Peak1D F1="39.378151" intensity="2.111202e+000" type="0"/>
    <Peak1D F1="35.011391" intensity="2.338176e-001" type="0"/>
    <Peak1D F1="31.635794" intensity="5.137404e-001" type="0"/>
    <Peak1D F1="25.509308" intensity="2.540397e-001" type="0"/>
    <Peak1D F1="24.966682" intensity="5.053771e-001" type="0"/>
    <Peak1D F1="15.644121" intensity="8.732538e-002" type="0"/>
  </PeakList1D>
</PeakList>
