<?xml version="1.0" encoding="UTF-8"?>
<PeakList>
  <PeakList1D>
    <PeakList1DHeader creator="nmr" date="2021-09-27T15:26:44.518+03:00" expNo="5" name="AM-130-Enamine-2" owner="" procNo="1" source="\\132.72.8.180\400b\Milo\Milo">
      <PeakPickDetails>F1=16.089069ppm, F2=-3.939976ppm, MI=0.00cm, MAXI=10000.00cm, PC=1.000
      </PeakPickDetails>
    </PeakList1DHeader>
    <Peak1D F1="9.725483" intensity="7.148734e-003" type="0"/>
    <Peak1D F1="9.717882" intensity="6.166299e-003" type="0"/>
    <Peak1D F1="8.101258" intensity="2.934562e-003" type="0"/>
    <Peak1D F1="8.086047" intensity="2.820452e-003" type="0"/>
    <Peak1D F1="8.030135" intensity="2.915138e-003" type="0"/>
    <Peak1D F1="8.012218" intensity="4.209137e-003" type="0"/>
    <Peak1D F1="7.986477" intensity="1.560802e-002" type="0"/>
    <Peak1D F1="7.961230" intensity="9.009566e-002" type="0"/>
    <Peak1D F1="7.957592" intensity="8.695639e-002" type="0"/>
    <Peak1D F1="7.945649" intensity="1.001296e-001" type="0"/>
    <Peak1D F1="7.941358" intensity="1.240818e-001" type="0"/>
    <Peak1D F1="7.936800" intensity="8.214125e-002" type="0"/>
    <Peak1D F1="7.912775" intensity="9.634496e-002" type="0"/>
    <Peak1D F1="7.905203" intensity="6.906922e-001" type="0"/>
    <Peak1D F1="7.892384" intensity="2.115546e-001" type="0"/>
    <Peak1D F1="7.887453" intensity="8.382164e-001" type="0"/>
    <Peak1D F1="7.883765" intensity="6.533054e-001" type="0"/>
    <Peak1D F1="7.868355" intensity="7.281120e-002" type="0"/>
    <Peak1D F1="7.859539" intensity="3.768371e-002" type="0"/>
    <Peak1D F1="7.855866" intensity="4.764150e-002" type="0"/>
    <Peak1D F1="7.850538" intensity="8.204594e-002" type="0"/>
    <Peak1D F1="7.846956" intensity="6.333380e-002" type="0"/>
    <Peak1D F1="7.837617" intensity="1.753805e-002" type="0"/>
    <Peak1D F1="7.834031" intensity="1.347561e-002" type="0"/>
    <Peak1D F1="7.806571" intensity="4.407887e-003" type="0"/>
    <Peak1D F1="7.771379" intensity="3.260149e-003" type="0"/>
    <Peak1D F1="7.753339" intensity="3.566047e-003" type="0"/>
    <Peak1D F1="7.697429" intensity="1.839328e-002" type="0"/>
    <Peak1D F1="7.680202" intensity="8.916155e-002" type="0"/>
    <Peak1D F1="7.675074" intensity="5.634454e-002" type="0"/>
    <Peak1D F1="7.669060" intensity="7.948754e-002" type="0"/>
    <Peak1D F1="7.661272" intensity="8.861648e-002" type="0"/>
    <Peak1D F1="7.655748" intensity="9.203853e-002" type="0"/>
    <Peak1D F1="7.646875" intensity="1.906267e-002" type="0"/>
    <Peak1D F1="7.631804" intensity="1.242327e-002" type="0"/>
    <Peak1D F1="7.619613" intensity="7.366958e-003" type="0"/>
    <Peak1D F1="7.606679" intensity="5.933301e-003" type="0"/>
    <Peak1D F1="7.572381" intensity="4.052723e-002" type="0"/>
    <Peak1D F1="7.554536" intensity="5.157782e-002" type="0"/>
    <Peak1D F1="7.548797" intensity="6.518786e-002" type="0"/>
    <Peak1D F1="7.529869" intensity="7.260483e-002" type="0"/>
    <Peak1D F1="7.515615" intensity="3.448962e-002" type="0"/>
    <Peak1D F1="7.511995" intensity="4.704399e-002" type="0"/>
    <Peak1D F1="7.508759" intensity="3.728595e-002" type="0"/>
    <Peak1D F1="7.499874" intensity="9.839757e-002" type="0"/>
    <Peak1D F1="7.497005" intensity="1.556865e-001" type="0"/>
    <Peak1D F1="7.493834" intensity="9.723008e-002" type="0"/>
    <Peak1D F1="7.483854" intensity="1.248159e-001" type="0"/>
    <Peak1D F1="7.478725" intensity="4.259553e-001" type="0"/>
    <Peak1D F1="7.473621" intensity="1.478582e-001" type="0"/>
    <Peak1D F1="7.463229" intensity="2.120619e-001" type="0"/>
    <Peak1D F1="7.460092" intensity="3.659010e-001" type="0"/>
    <Peak1D F1="7.457086" intensity="2.272500e-001" type="0"/>
    <Peak1D F1="7.442631" intensity="7.964544e-002" type="0"/>
    <Peak1D F1="7.439174" intensity="1.157202e-001" type="0"/>
    <Peak1D F1="7.432672" intensity="1.223126e-001" type="0"/>
    <Peak1D F1="7.421289" intensity="7.368742e-002" type="0"/>
    <Peak1D F1="7.412637" intensity="9.775562e-002" type="0"/>
    <Peak1D F1="7.403776" intensity="6.126021e-001" type="0"/>
    <Peak1D F1="7.400032" intensity="2.856355e-001" type="0"/>
    <Peak1D F1="7.384181" intensity="8.671376e-001" type="0"/>
    <Peak1D F1="7.369979" intensity="1.945131e-001" type="0"/>
    <Peak1D F1="7.365996" intensity="3.820091e-001" type="0"/>
    <Peak1D F1="7.351770" intensity="1.054688e-001" type="0"/>
    <Peak1D F1="7.337905" intensity="1.805364e-001" type="0"/>
    <Peak1D F1="7.333739" intensity="1.959464e-001" type="0"/>
    <Peak1D F1="7.326388" intensity="2.784385e-001" type="0"/>
    <Peak1D F1="7.322435" intensity="4.109758e-001" type="0"/>
    <Peak1D F1="7.317434" intensity="3.171572e-001" type="0"/>
    <Peak1D F1="7.305544" intensity="6.402811e-001" type="0"/>
    <Peak1D F1="7.302228" intensity="5.533609e-001" type="0"/>
    <Peak1D F1="7.297383" intensity="3.217071e-001" type="0"/>
    <Peak1D F1="7.288978" intensity="3.497632e-001" type="0"/>
    <Peak1D F1="7.282615" intensity="3.600713e-001" type="0"/>
    <Peak1D F1="7.278998" intensity="6.001732e-001" type="0"/>
    <Peak1D F1="7.275920" intensity="8.927053e-001" type="0"/>
    <Peak1D F1="7.272216" intensity="4.618489e-001" type="0"/>
    <Peak1D F1="7.260735" intensity="1.303305e+000" type="0"/>
    <Peak1D F1="7.258011" intensity="2.273631e+000" type="0"/>
    <Peak1D F1="7.255113" intensity="1.922577e+000" type="0"/>
    <Peak1D F1="7.246406" intensity="7.922997e-001" type="0"/>
    <Peak1D F1="7.240534" intensity="3.180615e+000" type="0"/>
    <Peak1D F1="7.231287" intensity="2.396649e+000" type="0"/>
    <Peak1D F1="7.226243" intensity="4.082386e+000" type="0"/>
    <Peak1D F1="7.219406" intensity="8.580607e-001" type="0"/>
    <Peak1D F1="7.214005" intensity="9.022315e-001" type="0"/>
    <Peak1D F1="7.210002" intensity="1.637613e+000" type="0"/>
    <Peak1D F1="7.207582" intensity="1.729746e+000" type="0"/>
    <Peak1D F1="7.204238" intensity="1.372809e+000" type="0"/>
    <Peak1D F1="7.201587" intensity="1.175243e+000" type="0"/>
    <Peak1D F1="7.197731" intensity="6.764251e-001" type="0"/>
    <Peak1D F1="7.192445" intensity="6.648521e-001" type="0"/>
    <Peak1D F1="7.184758" intensity="2.849362e+000" type="0"/>
    <Peak1D F1="7.178759" intensity="4.851700e-001" type="0"/>
    <Peak1D F1="7.174094" intensity="3.732196e-001" type="0"/>
    <Peak1D F1="7.169046" intensity="5.043529e-001" type="0"/>
    <Peak1D F1="7.164639" intensity="3.495023e-001" type="0"/>
    <Peak1D F1="7.161461" intensity="2.495616e-001" type="0"/>
    <Peak1D F1="7.157908" intensity="1.674915e-001" type="0"/>
    <Peak1D F1="7.150388" intensity="1.255786e-001" type="0"/>
    <Peak1D F1="7.143632" intensity="2.001482e-001" type="0"/>
    <Peak1D F1="7.135761" intensity="1.096657e-001" type="0"/>
    <Peak1D F1="7.125722" intensity="7.174277e-002" type="0"/>
    <Peak1D F1="7.113440" intensity="3.994622e-002" type="0"/>
    <Peak1D F1="7.074666" intensity="2.330932e-002" type="0"/>
    <Peak1D F1="7.071314" intensity="2.458149e-002" type="0"/>
    <Peak1D F1="7.053437" intensity="2.480832e-002" type="0"/>
    <Peak1D F1="7.050360" intensity="2.124375e-002" type="0"/>
    <Peak1D F1="7.040084" intensity="1.455169e-002" type="0"/>
    <Peak1D F1="7.028149" intensity="2.394344e-002" type="0"/>
    <Peak1D F1="7.021322" intensity="6.524831e-002" type="0"/>
    <Peak1D F1="7.017330" intensity="8.384973e-002" type="0"/>
    <Peak1D F1="7.011945" intensity="3.696298e-002" type="0"/>
    <Peak1D F1="7.004553" intensity="4.671065e-002" type="0"/>
    <Peak1D F1="7.000509" intensity="7.366190e-002" type="0"/>
    <Peak1D F1="6.997518" intensity="5.546974e-002" type="0"/>
    <Peak1D F1="6.991680" intensity="1.979914e-002" type="0"/>
    <Peak1D F1="6.987166" intensity="2.306389e-002" type="0"/>
    <Peak1D F1="6.983469" intensity="2.109471e-002" type="0"/>
    <Peak1D F1="6.964269" intensity="7.969960e-002" type="0"/>
    <Peak1D F1="6.953022" intensity="1.461728e-001" type="0"/>
    <Peak1D F1="6.928493" intensity="1.960189e-002" type="0"/>
    <Peak1D F1="6.920313" intensity="2.588443e-002" type="0"/>
    <Peak1D F1="6.916175" intensity="1.740732e-002" type="0"/>
    <Peak1D F1="6.907197" intensity="1.614027e-002" type="0"/>
    <Peak1D F1="6.894630" intensity="7.986266e-003" type="0"/>
    <Peak1D F1="6.886340" intensity="5.488700e-003" type="0"/>
    <Peak1D F1="6.833557" intensity="3.612090e-003" type="0"/>
    <Peak1D F1="6.815625" intensity="4.167936e-003" type="0"/>
    <Peak1D F1="6.800937" intensity="3.153333e-003" type="0"/>
    <Peak1D F1="6.778883" intensity="2.680677e-003" type="0"/>
    <Peak1D F1="6.763578" intensity="2.919215e-003" type="0"/>
    <Peak1D F1="6.748651" intensity="3.061217e-003" type="0"/>
    <Peak1D F1="6.732064" intensity="2.749463e-003" type="0"/>
    <Peak1D F1="6.711628" intensity="2.797867e-003" type="0"/>
    <Peak1D F1="6.613027" intensity="2.981771e-003" type="0"/>
    <Peak1D F1="6.596325" intensity="2.865460e-003" type="0"/>
    <Peak1D F1="6.247267" intensity="2.506268e-003" type="0"/>
    <Peak1D F1="6.221591" intensity="5.125306e-003" type="0"/>
    <Peak1D F1="6.205440" intensity="3.212206e-003" type="0"/>
    <Peak1D F1="6.194151" intensity="2.552140e-003" type="0"/>
    <Peak1D F1="6.179587" intensity="6.348224e-003" type="0"/>
    <Peak1D F1="6.172699" intensity="9.007050e-003" type="0"/>
    <Peak1D F1="6.153287" intensity="4.053777e-003" type="0"/>
    <Peak1D F1="6.146575" intensity="3.361923e-003" type="0"/>
    <Peak1D F1="6.139287" intensity="1.103411e-002" type="0"/>
    <Peak1D F1="6.129347" intensity="3.329965e-003" type="0"/>
    <Peak1D F1="6.121374" intensity="4.004906e-003" type="0"/>
    <Peak1D F1="6.116928" intensity="3.143268e-003" type="0"/>
    <Peak1D F1="6.101729" intensity="4.296703e-003" type="0"/>
    <Peak1D F1="6.061627" intensity="3.162015e-003" type="0"/>
    <Peak1D F1="6.051432" intensity="2.957903e-003" type="0"/>
    <Peak1D F1="6.036186" intensity="4.106859e-003" type="0"/>
    <Peak1D F1="6.004569" intensity="2.886303e-003" type="0"/>
    <Peak1D F1="5.941823" intensity="3.524799e-003" type="0"/>
    <Peak1D F1="5.923800" intensity="4.762130e-003" type="0"/>
    <Peak1D F1="5.906385" intensity="1.529621e-002" type="0"/>
    <Peak1D F1="5.888699" intensity="1.324373e-002" type="0"/>
    <Peak1D F1="5.870867" intensity="4.055977e-003" type="0"/>
    <Peak1D F1="5.725733" intensity="3.386730e-003" type="0"/>
    <Peak1D F1="5.691247" intensity="4.168467e-003" type="0"/>
    <Peak1D F1="5.366829" intensity="3.438683e-003" type="0"/>
    <Peak1D F1="5.345827" intensity="3.615609e-003" type="0"/>
    <Peak1D F1="5.269695" intensity="5.553904e-003" type="0"/>
    <Peak1D F1="5.262776" intensity="3.618923e-003" type="0"/>
    <Peak1D F1="5.222349" intensity="3.055150e-003" type="0"/>
    <Peak1D F1="5.187560" intensity="3.685706e-003" type="0"/>
    <Peak1D F1="5.117568" intensity="1.633225e-002" type="0"/>
    <Peak1D F1="5.100063" intensity="5.158968e-002" type="0"/>
    <Peak1D F1="5.082477" intensity="5.280673e-002" type="0"/>
    <Peak1D F1="5.070611" intensity="6.888033e-002" type="0"/>
    <Peak1D F1="5.065052" intensity="2.353056e-002" type="0"/>
    <Peak1D F1="5.053076" intensity="2.164131e-001" type="0"/>
    <Peak1D F1="5.035508" intensity="2.191359e-001" type="0"/>
    <Peak1D F1="5.017947" intensity="7.010205e-002" type="0"/>
    <Peak1D F1="5.003487" intensity="4.337363e-003" type="0"/>
    <Peak1D F1="4.990614" intensity="4.144912e-003" type="0"/>
    <Peak1D F1="4.985890" intensity="4.418553e-003" type="0"/>
    <Peak1D F1="4.964431" intensity="3.768922e-003" type="0"/>
    <Peak1D F1="4.957992" intensity="3.758310e-003" type="0"/>
    <Peak1D F1="4.931162" intensity="3.944353e-003" type="0"/>
    <Peak1D F1="4.901763" intensity="2.765145e-003" type="0"/>
    <Peak1D F1="4.691715" intensity="7.344445e-003" type="0"/>
    <Peak1D F1="4.673955" intensity="7.860027e-003" type="0"/>
    <Peak1D F1="4.656013" intensity="7.328600e-003" type="0"/>
    <Peak1D F1="4.637941" intensity="3.563600e-003" type="0"/>
    <Peak1D F1="4.623919" intensity="3.713814e-003" type="0"/>
    <Peak1D F1="4.613177" intensity="4.458066e-003" type="0"/>
    <Peak1D F1="4.572307" intensity="9.033747e-003" type="0"/>
    <Peak1D F1="4.562756" intensity="8.215270e-003" type="0"/>
    <Peak1D F1="4.555413" intensity="2.500171e-002" type="0"/>
    <Peak1D F1="4.545133" intensity="1.118606e-002" type="0"/>
    <Peak1D F1="4.537947" intensity="2.831167e-002" type="0"/>
    <Peak1D F1="4.522299" intensity="4.793061e-001" type="0"/>
    <Peak1D F1="4.505134" intensity="1.478679e+000" type="0"/>
    <Peak1D F1="4.487938" intensity="1.498475e+000" type="0"/>
    <Peak1D F1="4.470766" intensity="5.024306e-001" type="0"/>
    <Peak1D F1="4.455417" intensity="3.576474e-002" type="0"/>
    <Peak1D F1="4.444886" intensity="1.215137e-002" type="0"/>
    <Peak1D F1="4.438284" intensity="3.100839e-002" type="0"/>
    <Peak1D F1="4.426436" intensity="7.409083e-003" type="0"/>
    <Peak1D F1="4.420890" intensity="1.200296e-002" type="0"/>
    <Peak1D F1="4.411226" intensity="5.167556e-003" type="0"/>
    <Peak1D F1="4.392442" intensity="8.928451e-003" type="0"/>
    <Peak1D F1="4.371258" intensity="6.166439e-003" type="0"/>
    <Peak1D F1="4.366813" intensity="5.735593e-003" type="0"/>
    <Peak1D F1="4.332592" intensity="3.839931e-003" type="0"/>
    <Peak1D F1="4.314148" intensity="1.261743e-002" type="0"/>
    <Peak1D F1="4.297826" intensity="9.391770e-003" type="0"/>
    <Peak1D F1="4.287371" intensity="4.395337e-003" type="0"/>
    <Peak1D F1="4.280540" intensity="6.469947e-003" type="0"/>
    <Peak1D F1="4.260336" intensity="2.767481e-003" type="0"/>
    <Peak1D F1="4.239079" intensity="1.115286e-001" type="0"/>
    <Peak1D F1="4.190671" intensity="2.503128e-003" type="0"/>
    <Peak1D F1="4.174436" intensity="4.963201e-003" type="0"/>
    <Peak1D F1="4.168068" intensity="4.479109e-003" type="0"/>
    <Peak1D F1="4.163368" intensity="4.414268e-003" type="0"/>
    <Peak1D F1="4.157008" intensity="5.163467e-003" type="0"/>
    <Peak1D F1="3.965393" intensity="3.077670e-003" type="0"/>
    <Peak1D F1="3.896723" intensity="2.658464e-003" type="0"/>
    <Peak1D F1="3.884265" intensity="2.865535e-003" type="0"/>
    <Peak1D F1="3.774215" intensity="3.225267e-003" type="0"/>
    <Peak1D F1="3.757088" intensity="8.356289e-003" type="0"/>
    <Peak1D F1="3.739474" intensity="7.808249e-003" type="0"/>
    <Peak1D F1="3.720886" intensity="3.452800e-003" type="0"/>
    <Peak1D F1="3.711113" intensity="2.980216e-003" type="0"/>
    <Peak1D F1="3.696534" intensity="3.076320e-003" type="0"/>
    <Peak1D F1="3.678673" intensity="3.015536e-003" type="0"/>
    <Peak1D F1="3.660883" intensity="3.340628e-003" type="0"/>
    <Peak1D F1="3.650010" intensity="3.390897e-003" type="0"/>
    <Peak1D F1="3.621799" intensity="5.833658e-003" type="0"/>
    <Peak1D F1="3.598293" intensity="8.158733e-003" type="0"/>
    <Peak1D F1="3.582042" intensity="9.263339e-003" type="0"/>
    <Peak1D F1="3.564909" intensity="9.130029e-003" type="0"/>
    <Peak1D F1="3.555355" intensity="1.201965e-002" type="0"/>
    <Peak1D F1="3.546701" intensity="9.836454e-003" type="0"/>
    <Peak1D F1="3.533326" intensity="6.194741e-002" type="0"/>
    <Peak1D F1="3.515075" intensity="1.781732e-001" type="0"/>
    <Peak1D F1="3.496911" intensity="1.878445e-001" type="0"/>
    <Peak1D F1="3.478692" intensity="8.045314e-002" type="0"/>
    <Peak1D F1="3.469091" intensity="2.924524e-002" type="0"/>
    <Peak1D F1="3.451066" intensity="3.248250e-002" type="0"/>
    <Peak1D F1="3.436980" intensity="2.849544e-002" type="0"/>
    <Peak1D F1="3.432674" intensity="2.978159e-002" type="0"/>
    <Peak1D F1="3.429153" intensity="2.520670e-002" type="0"/>
    <Peak1D F1="3.418597" intensity="2.837946e-002" type="0"/>
    <Peak1D F1="3.410884" intensity="2.777782e-002" type="0"/>
    <Peak1D F1="3.401554" intensity="2.551498e-002" type="0"/>
    <Peak1D F1="3.392841" intensity="2.564278e-002" type="0"/>
    <Peak1D F1="3.378120" intensity="2.056554e-002" type="0"/>
    <Peak1D F1="3.365746" intensity="2.268380e-002" type="0"/>
    <Peak1D F1="3.327677" intensity="3.667873e-002" type="0"/>
    <Peak1D F1="3.316016" intensity="7.388216e-002" type="0"/>
    <Peak1D F1="3.309759" intensity="7.278815e-002" type="0"/>
    <Peak1D F1="3.299882" intensity="3.713214e-002" type="0"/>
    <Peak1D F1="3.292031" intensity="7.210513e-002" type="0"/>
    <Peak1D F1="3.274234" intensity="3.558387e-002" type="0"/>
    <Peak1D F1="3.250120" intensity="3.451478e-002" type="0"/>
    <Peak1D F1="3.232287" intensity="7.157216e-002" type="0"/>
    <Peak1D F1="3.227418" intensity="3.495491e-002" type="0"/>
    <Peak1D F1="3.214226" intensity="7.811216e-002" type="0"/>
    <Peak1D F1="3.208975" intensity="4.285491e-002" type="0"/>
    <Peak1D F1="3.196093" intensity="4.585441e-002" type="0"/>
    <Peak1D F1="3.174503" intensity="2.938002e-002" type="0"/>
    <Peak1D F1="3.161146" intensity="4.015949e-002" type="0"/>
    <Peak1D F1="3.142881" intensity="7.225875e-002" type="0"/>
    <Peak1D F1="3.124653" intensity="7.007352e-002" type="0"/>
    <Peak1D F1="3.106452" intensity="3.206997e-002" type="0"/>
    <Peak1D F1="3.082203" intensity="2.065492e-002" type="0"/>
    <Peak1D F1="3.073613" intensity="1.224366e-002" type="0"/>
    <Peak1D F1="3.063351" intensity="1.569452e-002" type="0"/>
    <Peak1D F1="3.052909" intensity="1.406997e-002" type="0"/>
    <Peak1D F1="3.039924" intensity="1.376085e-002" type="0"/>
    <Peak1D F1="3.027210" intensity="1.205091e-002" type="0"/>
    <Peak1D F1="3.013428" intensity="1.584266e-002" type="0"/>
    <Peak1D F1="3.008620" intensity="2.032960e-002" type="0"/>
    <Peak1D F1="2.995464" intensity="2.993372e-002" type="0"/>
    <Peak1D F1="2.990643" intensity="4.808239e-002" type="0"/>
    <Peak1D F1="2.983339" intensity="2.546566e-002" type="0"/>
    <Peak1D F1="2.977271" intensity="3.369289e-002" type="0"/>
    <Peak1D F1="2.972205" intensity="6.382636e-002" type="0"/>
    <Peak1D F1="2.963846" intensity="3.898334e-001" type="0"/>
    <Peak1D F1="2.955360" intensity="3.191444e-001" type="0"/>
    <Peak1D F1="2.945714" intensity="1.176751e+000" type="0"/>
    <Peak1D F1="2.937809" intensity="8.939072e-001" type="0"/>
    <Peak1D F1="2.927599" intensity="1.215588e+000" type="0"/>
    <Peak1D F1="2.920180" intensity="8.958316e-001" type="0"/>
    <Peak1D F1="2.909501" intensity="4.330387e-001" type="0"/>
    <Peak1D F1="2.902524" intensity="3.054819e-001" type="0"/>
    <Peak1D F1="2.888007" intensity="3.415339e-002" type="0"/>
    <Peak1D F1="2.877836" intensity="3.968531e-002" type="0"/>
    <Peak1D F1="2.870236" intensity="3.171415e-002" type="0"/>
    <Peak1D F1="2.860897" intensity="4.609762e-002" type="0"/>
    <Peak1D F1="2.856008" intensity="5.002462e-002" type="0"/>
    <Peak1D F1="2.843055" intensity="5.054229e-002" type="0"/>
    <Peak1D F1="2.838370" intensity="1.191805e-001" type="0"/>
    <Peak1D F1="2.820752" intensity="1.356062e-001" type="0"/>
    <Peak1D F1="2.805799" intensity="2.092886e+000" type="0"/>
    <Peak1D F1="2.788262" intensity="6.527561e+000" type="0"/>
    <Peak1D F1="2.770710" intensity="6.650686e+000" type="0"/>
    <Peak1D F1="2.753156" intensity="2.238523e+000" type="0"/>
    <Peak1D F1="2.738562" intensity="1.635473e-001" type="0"/>
    <Peak1D F1="2.720932" intensity="1.326697e-001" type="0"/>
    <Peak1D F1="2.703509" intensity="6.128575e-002" type="0"/>
    <Peak1D F1="2.686578" intensity="4.681745e-002" type="0"/>
    <Peak1D F1="2.668797" intensity="9.970725e-002" type="0"/>
    <Peak1D F1="2.655030" intensity="5.960914e-001" type="0"/>
    <Peak1D F1="2.650009" intensity="2.629349e-001" type="0"/>
    <Peak1D F1="2.637096" intensity="1.813371e+000" type="0"/>
    <Peak1D F1="2.631057" intensity="3.193292e-001" type="0"/>
    <Peak1D F1="2.619170" intensity="1.877124e+000" type="0"/>
    <Peak1D F1="2.601247" intensity="6.763561e-001" type="0"/>
    <Peak1D F1="2.586810" intensity="5.967677e-002" type="0"/>
    <Peak1D F1="2.577919" intensity="7.479122e-002" type="0"/>
    <Peak1D F1="2.568691" intensity="5.609265e-002" type="0"/>
    <Peak1D F1="2.561327" intensity="8.802424e-002" type="0"/>
    <Peak1D F1="2.543706" intensity="8.736293e-002" type="0"/>
    <Peak1D F1="2.538506" intensity="4.137496e-002" type="0"/>
    <Peak1D F1="2.528371" intensity="5.583488e-002" type="0"/>
    <Peak1D F1="2.509387" intensity="2.829980e-002" type="0"/>
    <Peak1D F1="2.503146" intensity="3.813604e-002" type="0"/>
    <Peak1D F1="2.496576" intensity="3.198905e-002" type="0"/>
    <Peak1D F1="2.485320" intensity="3.867802e-002" type="0"/>
    <Peak1D F1="2.477803" intensity="7.018214e-002" type="0"/>
    <Peak1D F1="2.467727" intensity="6.729576e-002" type="0"/>
    <Peak1D F1="2.458884" intensity="8.936319e-002" type="0"/>
    <Peak1D F1="2.455316" intensity="9.252175e-002" type="0"/>
    <Peak1D F1="2.448558" intensity="3.793997e-002" type="0"/>
    <Peak1D F1="2.440518" intensity="8.900335e-002" type="0"/>
    <Peak1D F1="2.428435" intensity="2.976528e-002" type="0"/>
    <Peak1D F1="2.423144" intensity="7.978652e-002" type="0"/>
    <Peak1D F1="2.406192" intensity="6.507049e-002" type="0"/>
    <Peak1D F1="2.388946" intensity="4.638547e-002" type="0"/>
    <Peak1D F1="2.371205" intensity="1.869811e-002" type="0"/>
    <Peak1D F1="2.361593" intensity="8.933455e-003" type="0"/>
    <Peak1D F1="2.346077" intensity="7.908270e-003" type="0"/>
    <Peak1D F1="2.334333" intensity="9.715420e-003" type="0"/>
    <Peak1D F1="2.307168" intensity="6.225970e-003" type="0"/>
    <Peak1D F1="2.296742" intensity="5.147092e-003" type="0"/>
    <Peak1D F1="2.283772" intensity="6.272673e-003" type="0"/>
    <Peak1D F1="2.276591" intensity="9.292210e-003" type="0"/>
    <Peak1D F1="2.257327" intensity="5.337499e-003" type="0"/>
    <Peak1D F1="2.239815" intensity="5.144718e-003" type="0"/>
    <Peak1D F1="2.219081" intensity="7.057255e-003" type="0"/>
    <Peak1D F1="2.205143" intensity="1.905561e-002" type="0"/>
    <Peak1D F1="2.186644" intensity="5.271176e-002" type="0"/>
    <Peak1D F1="2.168041" intensity="5.211513e-002" type="0"/>
    <Peak1D F1="2.149757" intensity="2.108702e-002" type="0"/>
    <Peak1D F1="2.132107" intensity="4.155833e-002" type="0"/>
    <Peak1D F1="2.124811" intensity="4.430832e-002" type="0"/>
    <Peak1D F1="2.110589" intensity="1.116401e-002" type="0"/>
    <Peak1D F1="2.105734" intensity="9.160491e-003" type="0"/>
    <Peak1D F1="2.100807" intensity="2.992881e-002" type="0"/>
    <Peak1D F1="2.094019" intensity="1.850920e-002" type="0"/>
    <Peak1D F1="2.089138" intensity="3.498843e-002" type="0"/>
    <Peak1D F1="2.075377" intensity="1.144064e-001" type="0"/>
    <Peak1D F1="2.060497" intensity="4.987599e-001" type="0"/>
    <Peak1D F1="2.044544" intensity="1.525007e-001" type="0"/>
    <Peak1D F1="2.025641" intensity="1.296416e-002" type="0"/>
    <Peak1D F1="2.006688" intensity="2.846786e-001" type="0"/>
    <Peak1D F1="1.982341" intensity="6.158687e-003" type="0"/>
    <Peak1D F1="1.964156" intensity="3.781271e-002" type="0"/>
    <Peak1D F1="1.956837" intensity="9.804782e-003" type="0"/>
    <Peak1D F1="1.950014" intensity="1.057897e-002" type="0"/>
    <Peak1D F1="1.943692" intensity="9.194209e-003" type="0"/>
    <Peak1D F1="1.936503" intensity="2.394698e-002" type="0"/>
    <Peak1D F1="1.931622" intensity="1.572791e-002" type="0"/>
    <Peak1D F1="1.923437" intensity="1.698210e-002" type="0"/>
    <Peak1D F1="1.912723" intensity="1.636906e-002" type="0"/>
    <Peak1D F1="1.900226" intensity="2.774276e-001" type="0"/>
    <Peak1D F1="1.890014" intensity="6.143725e-002" type="0"/>
    <Peak1D F1="1.877597" intensity="4.193432e-002" type="0"/>
    <Peak1D F1="1.865468" intensity="4.856377e-002" type="0"/>
    <Peak1D F1="1.847293" intensity="1.184786e-002" type="0"/>
    <Peak1D F1="1.831222" intensity="3.087108e-003" type="0"/>
    <Peak1D F1="1.822169" intensity="7.293446e-003" type="0"/>
    <Peak1D F1="1.806151" intensity="8.329934e-003" type="0"/>
    <Peak1D F1="1.791853" intensity="8.231016e-003" type="0"/>
    <Peak1D F1="1.759847" intensity="3.300323e-002" type="0"/>
    <Peak1D F1="1.754845" intensity="1.697238e-002" type="0"/>
    <Peak1D F1="1.741714" intensity="1.667928e-002" type="0"/>
    <Peak1D F1="1.737014" intensity="1.305004e-002" type="0"/>
    <Peak1D F1="1.709299" intensity="9.881924e-001" type="0"/>
    <Peak1D F1="1.691780" intensity="8.561061e-001" type="0"/>
    <Peak1D F1="1.666327" intensity="3.146202e-002" type="0"/>
    <Peak1D F1="1.659495" intensity="2.008475e-002" type="0"/>
    <Peak1D F1="1.647965" intensity="7.362730e-003" type="0"/>
    <Peak1D F1="1.641937" intensity="1.595016e-002" type="0"/>
    <Peak1D F1="1.630558" intensity="4.064564e-002" type="0"/>
    <Peak1D F1="1.613403" intensity="3.735908e-002" type="0"/>
    <Peak1D F1="1.589101" intensity="2.124697e-002" type="0"/>
    <Peak1D F1="1.573699" intensity="2.311623e-002" type="0"/>
    <Peak1D F1="1.557494" intensity="9.046254e-003" type="0"/>
    <Peak1D F1="1.549961" intensity="1.337143e-002" type="0"/>
    <Peak1D F1="1.545348" intensity="1.235667e-002" type="0"/>
    <Peak1D F1="1.532357" intensity="1.670745e-002" type="0"/>
    <Peak1D F1="1.525091" intensity="1.133358e-001" type="0"/>
    <Peak1D F1="1.507913" intensity="1.144565e-001" type="0"/>
    <Peak1D F1="1.475059" intensity="6.992361e+000" type="0"/>
    <Peak1D F1="1.466955" intensity="4.624843e-001" type="0"/>
    <Peak1D F1="1.457895" intensity="6.952933e+000" type="0"/>
    <Peak1D F1="1.434382" intensity="5.384923e-002" type="0"/>
    <Peak1D F1="1.425318" intensity="1.517697e-001" type="0"/>
    <Peak1D F1="1.408159" intensity="1.396433e-001" type="0"/>
    <Peak1D F1="1.391565" intensity="2.319795e-001" type="0"/>
    <Peak1D F1="1.373977" intensity="2.236166e-001" type="0"/>
    <Peak1D F1="1.349802" intensity="1.772029e-002" type="0"/>
    <Peak1D F1="1.344555" intensity="2.590128e-002" type="0"/>
    <Peak1D F1="1.337770" intensity="2.103839e-002" type="0"/>
    <Peak1D F1="1.334895" intensity="2.130777e-002" type="0"/>
    <Peak1D F1="1.330553" intensity="3.238056e-002" type="0"/>
    <Peak1D F1="1.326360" intensity="2.901525e-002" type="0"/>
    <Peak1D F1="1.316111" intensity="6.019284e-002" type="0"/>
    <Peak1D F1="1.305440" intensity="4.217014e-002" type="0"/>
    <Peak1D F1="1.298742" intensity="5.846141e-002" type="0"/>
    <Peak1D F1="1.288723" intensity="1.937808e-002" type="0"/>
    <Peak1D F1="1.275387" intensity="2.095046e-001" type="0"/>
    <Peak1D F1="1.265293" intensity="3.471500e-002" type="0"/>
    <Peak1D F1="1.257217" intensity="4.042059e-001" type="0"/>
    <Peak1D F1="1.245552" intensity="5.125742e-002" type="0"/>
    <Peak1D F1="1.239018" intensity="2.176705e-001" type="0"/>
    <Peak1D F1="1.227383" intensity="7.810092e-002" type="0"/>
    <Peak1D F1="1.208667" intensity="1.008639e-001" type="0"/>
    <Peak1D F1="1.202553" intensity="9.419006e-002" type="0"/>
    <Peak1D F1="1.190370" intensity="1.403300e-001" type="0"/>
    <Peak1D F1="1.184494" intensity="1.644157e-001" type="0"/>
    <Peak1D F1="1.176775" intensity="1.344800e+000" type="0"/>
    <Peak1D F1="1.158673" intensity="2.573292e+000" type="0"/>
    <Peak1D F1="1.140534" intensity="1.294133e+000" type="0"/>
    <Peak1D F1="1.126751" intensity="8.737005e-002" type="0"/>
    <Peak1D F1="1.121532" intensity="1.746182e-001" type="0"/>
    <Peak1D F1="1.118046" intensity="1.572402e-001" type="0"/>
    <Peak1D F1="1.113718" intensity="8.810890e-002" type="0"/>
    <Peak1D F1="1.108674" intensity="1.003748e-001" type="0"/>
    <Peak1D F1="1.103505" intensity="2.202260e-001" type="0"/>
    <Peak1D F1="1.099933" intensity="1.320357e-001" type="0"/>
    <Peak1D F1="1.090428" intensity="2.074165e+000" type="0"/>
    <Peak1D F1="1.072528" intensity="4.066940e+000" type="0"/>
    <Peak1D F1="1.066258" intensity="5.093235e-001" type="0"/>
    <Peak1D F1="1.061564" intensity="3.510522e-001" type="0"/>
    <Peak1D F1="1.054517" intensity="2.154114e+000" type="0"/>
    <Peak1D F1="1.048125" intensity="3.005567e-001" type="0"/>
    <Peak1D F1="1.044028" intensity="3.081958e-001" type="0"/>
    <Peak1D F1="1.034521" intensity="5.094224e-001" type="0"/>
    <Peak1D F1="1.026291" intensity="1.684628e-001" type="0"/>
    <Peak1D F1="1.022259" intensity="1.841577e-001" type="0"/>
    <Peak1D F1="1.015579" intensity="3.812523e-001" type="0"/>
    <Peak1D F1="1.008970" intensity="1.124003e-001" type="0"/>
    <Peak1D F1="1.004184" intensity="1.493230e-001" type="0"/>
    <Peak1D F1="0.998893" intensity="3.283404e-001" type="0"/>
    <Peak1D F1="0.991708" intensity="8.966834e-002" type="0"/>
    <Peak1D F1="0.976517" intensity="9.744184e-001" type="0"/>
    <Peak1D F1="0.958863" intensity="1.867094e+000" type="0"/>
    <Peak1D F1="0.941181" intensity="9.797146e-001" type="0"/>
    <Peak1D F1="0.934709" intensity="2.918680e-001" type="0"/>
    <Peak1D F1="0.930607" intensity="5.137372e-001" type="0"/>
    <Peak1D F1="0.923283" intensity="7.534174e+000" type="0"/>
    <Peak1D F1="0.913146" intensity="9.757218e-001" type="0"/>
    <Peak1D F1="0.905767" intensity="1.500000e+001" type="0"/>
    <Peak1D F1="0.895736" intensity="7.088695e-001" type="0"/>
    <Peak1D F1="0.888189" intensity="7.246696e+000" type="0"/>
    <Peak1D F1="0.873486" intensity="2.684893e-001" type="0"/>
    <Peak1D F1="0.855889" intensity="3.100955e-001" type="0"/>
    <Peak1D F1="0.838333" intensity="1.600145e-001" type="0"/>
    <Peak1D F1="0.827079" intensity="7.755798e-002" type="0"/>
    <Peak1D F1="0.810422" intensity="1.425325e-001" type="0"/>
    <Peak1D F1="0.800650" intensity="5.452612e-002" type="0"/>
    <Peak1D F1="0.792808" intensity="7.155068e-002" type="0"/>
    <Peak1D F1="0.782880" intensity="4.081677e-002" type="0"/>
    <Peak1D F1="0.771339" intensity="3.057078e-002" type="0"/>
    <Peak1D F1="0.764829" intensity="6.218095e-002" type="0"/>
    <Peak1D F1="0.755099" intensity="2.867419e-002" type="0"/>
    <Peak1D F1="0.747242" intensity="9.964309e-002" type="0"/>
    <Peak1D F1="0.729735" intensity="6.347441e-002" type="0"/>
    <Peak1D F1="0.723596" intensity="1.128679e-001" type="0"/>
    <Peak1D F1="0.713387" intensity="3.307522e-002" type="0"/>
    <Peak1D F1="0.705072" intensity="2.108393e-001" type="0"/>
    <Peak1D F1="0.694995" intensity="2.612602e-002" type="0"/>
    <Peak1D F1="0.686425" intensity="1.027186e-001" type="0"/>
    <Peak1D F1="0.666206" intensity="2.181968e-002" type="0"/>
    <Peak1D F1="0.659320" intensity="1.513680e-002" type="0"/>
    <Peak1D F1="0.655449" intensity="1.414012e-002" type="0"/>
    <Peak1D F1="0.648567" intensity="1.509950e-002" type="0"/>
    <Peak1D F1="0.636573" intensity="1.125131e-002" type="0"/>
    <Peak1D F1="0.630408" intensity="1.318395e-002" type="0"/>
    <Peak1D F1="0.612877" intensity="1.551172e-002" type="0"/>
    <Peak1D F1="0.595554" intensity="1.196910e-002" type="0"/>
    <Peak1D F1="0.566305" intensity="8.069402e-003" type="0"/>
    <Peak1D F1="0.544195" intensity="7.408390e-003" type="0"/>
    <Peak1D F1="0.501177" intensity="6.701936e-003" type="0"/>
    <Peak1D F1="0.488891" intensity="5.769594e-003" type="0"/>
    <Peak1D F1="0.463174" intensity="5.868164e-003" type="0"/>
    <Peak1D F1="0.428150" intensity="4.970485e-003" type="0"/>
    <Peak1D F1="0.395884" intensity="4.527281e-003" type="0"/>
    <Peak1D F1="0.379072" intensity="4.855455e-003" type="0"/>
    <Peak1D F1="0.366753" intensity="4.680827e-003" type="0"/>
    <Peak1D F1="0.349554" intensity="4.438140e-003" type="0"/>
    <Peak1D F1="0.337989" intensity="4.372505e-003" type="0"/>
    <Peak1D F1="0.301904" intensity="3.949502e-003" type="0"/>
    <Peak1D F1="0.278869" intensity="3.828331e-003" type="0"/>
    <Peak1D F1="0.257898" intensity="3.587540e-003" type="0"/>
    <Peak1D F1="0.226442" intensity="3.370665e-003" type="0"/>
    <Peak1D F1="0.189771" intensity="3.284958e-003" type="0"/>
    <Peak1D F1="0.179229" intensity="3.151486e-003" type="0"/>
    <Peak1D F1="0.154413" intensity="3.231643e-003" type="0"/>
    <Peak1D F1="0.127025" intensity="2.942057e-003" type="0"/>
    <Peak1D F1="0.089658" intensity="2.768184e-003" type="0"/>
    <Peak1D F1="0.048870" intensity="3.511616e-003" type="0"/>
    <Peak1D F1="0.009137" intensity="5.211383e-003" type="0"/>
    <Peak1D F1="-0.000153" intensity="5.942062e-002" type="0"/>
    <Peak1D F1="-0.039173" intensity="2.808543e-003" type="0"/>
    <Peak1D F1="-0.050893" intensity="2.925440e-003" type="0"/>
  </PeakList1D>
</PeakList>
