<?xml version="1.0" encoding="UTF-8"?>
<PeakList>
  <PeakList1D>
    <PeakList1DHeader creator="nmr" date="2021-05-30T21:03:24.265+03:00" expNo="4" name="AM-016-A-ACRC-F__13C" owner="" procNo="1" source="//132.72.8.180/400b/Milo/Milo">
      <PeakPickDetails>F1=219.481201ppm, F2=-19.481190ppm, MI=0.00cm, MAXI=10000.00cm, PC=1.400
      </PeakPickDetails>
    </PeakList1DHeader>
    <Peak1D F1="162.971558" intensity="1.961466e+000" type="0"/>
    <Peak1D F1="162.188293" intensity="3.936497e+000" type="0"/>
    <Peak1D F1="142.368134" intensity="1.250121e+000" type="0"/>
    <Peak1D F1="136.147049" intensity="2.557590e+000" type="0"/>
    <Peak1D F1="135.580887" intensity="2.599678e+000" type="0"/>
    <Peak1D F1="132.234299" intensity="4.088444e+000" type="0"/>
    <Peak1D F1="131.857574" intensity="2.648960e+000" type="0"/>
    <Peak1D F1="129.806442" intensity="1.120665e+001" type="0"/>
    <Peak1D F1="128.780701" intensity="1.292969e+001" type="0"/>
    <Peak1D F1="126.497635" intensity="1.500000e+001" type="0"/>
    <Peak1D F1="124.898933" intensity="5.997387e-001" type="0"/>
    <Peak1D F1="124.259476" intensity="1.459697e+000" type="0"/>
    <Peak1D F1="113.522026" intensity="1.056519e+001" type="0"/>
    <Peak1D F1="77.360542" intensity="3.421569e+001" type="0"/>
    <Peak1D F1="77.246140" intensity="1.697834e+000" type="0"/>
    <Peak1D F1="77.042976" intensity="3.401112e+001" type="0"/>
    <Peak1D F1="76.725410" intensity="3.434210e+001" type="0"/>
    <Peak1D F1="65.864685" intensity="7.937087e-001" type="0"/>
    <Peak1D F1="55.359550" intensity="6.886869e+000" type="0"/>
    <Peak1D F1="20.924627" intensity="5.991681e+000" type="0"/>
    <Peak1D F1="15.291116" intensity="9.037006e-001" type="0"/>
  </PeakList1D>
</PeakList>
