<?xml version="1.0" encoding="UTF-8"?>
<PeakList>
  <PeakList1D>
    <PeakList1DHeader creator="nmr" date="2021-10-25T13:45:12.496+03:00" expNo="4" name="AM-150-Meth" owner="" procNo="1" source="//132.72.8.180/400b/Milo/Milo">
      <PeakPickDetails>F1=16.095421ppm, F2=-3.933624ppm, MI=0.00cm, MAXI=10000.00cm, PC=1.000
      </PeakPickDetails>
    </PeakList1DHeader>
    <Peak1D F1="10.000548" intensity="3.325456e-002" type="0"/>
    <Peak1D F1="9.944562" intensity="4.003505e-002" type="0"/>
    <Peak1D F1="9.928542" intensity="4.626845e-002" type="0"/>
    <Peak1D F1="9.897581" intensity="5.899478e-002" type="0"/>
    <Peak1D F1="9.870918" intensity="5.919970e-002" type="0"/>
    <Peak1D F1="9.850078" intensity="7.109837e-002" type="0"/>
    <Peak1D F1="9.796947" intensity="1.016702e-001" type="0"/>
    <Peak1D F1="9.768279" intensity="1.166614e-001" type="0"/>
    <Peak1D F1="9.747894" intensity="1.160245e-001" type="0"/>
    <Peak1D F1="9.732584" intensity="1.165422e-001" type="0"/>
    <Peak1D F1="9.693014" intensity="1.035971e-001" type="0"/>
    <Peak1D F1="9.680306" intensity="8.900679e-002" type="0"/>
    <Peak1D F1="9.657248" intensity="8.291408e-002" type="0"/>
    <Peak1D F1="9.631344" intensity="7.154366e-002" type="0"/>
    <Peak1D F1="9.606544" intensity="5.882262e-002" type="0"/>
    <Peak1D F1="9.551549" intensity="4.302179e-002" type="0"/>
    <Peak1D F1="9.546008" intensity="4.579958e-002" type="0"/>
    <Peak1D F1="9.516576" intensity="4.174517e-002" type="0"/>
    <Peak1D F1="9.485518" intensity="3.038189e-002" type="0"/>
    <Peak1D F1="9.399249" intensity="2.798410e-002" type="0"/>
    <Peak1D F1="7.886034" intensity="1.069630e-001" type="0"/>
    <Peak1D F1="7.866352" intensity="1.251544e-001" type="0"/>
    <Peak1D F1="7.836728" intensity="4.042112e+000" type="0"/>
    <Peak1D F1="7.816136" intensity="4.301087e+000" type="0"/>
    <Peak1D F1="7.787316" intensity="1.887714e-001" type="0"/>
    <Peak1D F1="7.765994" intensity="1.110102e-001" type="0"/>
    <Peak1D F1="7.627069" intensity="3.338388e-002" type="0"/>
    <Peak1D F1="7.606335" intensity="3.510047e-002" type="0"/>
    <Peak1D F1="7.449273" intensity="2.211396e-001" type="0"/>
    <Peak1D F1="7.371317" intensity="3.816749e-002" type="0"/>
    <Peak1D F1="7.309709" intensity="5.022248e-002" type="0"/>
    <Peak1D F1="7.281425" intensity="1.427917e-001" type="0"/>
    <Peak1D F1="7.262030" intensity="1.847195e-001" type="0"/>
    <Peak1D F1="7.240165" intensity="1.193275e+000" type="0"/>
    <Peak1D F1="7.232001" intensity="4.138645e+000" type="0"/>
    <Peak1D F1="7.211727" intensity="4.048231e+000" type="0"/>
    <Peak1D F1="7.190523" intensity="3.939597e+001" type="0"/>
    <Peak1D F1="7.140706" intensity="6.447604e-001" type="0"/>
    <Peak1D F1="7.112256" intensity="1.095720e-001" type="0"/>
    <Peak1D F1="7.087362" intensity="7.472626e-002" type="0"/>
    <Peak1D F1="7.067306" intensity="8.318105e-002" type="0"/>
    <Peak1D F1="7.044594" intensity="5.243737e-002" type="0"/>
    <Peak1D F1="7.026578" intensity="7.757691e-002" type="0"/>
    <Peak1D F1="7.012470" intensity="1.306931e-001" type="0"/>
    <Peak1D F1="6.992834" intensity="1.402045e-001" type="0"/>
    <Peak1D F1="6.961965" intensity="3.399253e+000" type="0"/>
    <Peak1D F1="6.941554" intensity="4.021679e+000" type="0"/>
    <Peak1D F1="6.926675" intensity="3.772813e-001" type="0"/>
    <Peak1D F1="6.912074" intensity="1.721298e-001" type="0"/>
    <Peak1D F1="6.879417" intensity="1.318493e+000" type="0"/>
    <Peak1D F1="6.859098" intensity="1.467043e+000" type="0"/>
    <Peak1D F1="6.823568" intensity="2.580286e+000" type="0"/>
    <Peak1D F1="6.734182" intensity="1.766327e+000" type="0"/>
    <Peak1D F1="6.715630" intensity="1.571411e+000" type="0"/>
    <Peak1D F1="6.624483" intensity="8.066279e-002" type="0"/>
    <Peak1D F1="6.602422" intensity="8.825008e-002" type="0"/>
    <Peak1D F1="6.574350" intensity="2.178645e+000" type="0"/>
    <Peak1D F1="6.554047" intensity="1.907401e+000" type="0"/>
    <Peak1D F1="6.504357" intensity="7.076201e-002" type="0"/>
    <Peak1D F1="6.480650" intensity="4.885457e-002" type="0"/>
    <Peak1D F1="6.355397" intensity="5.344431e-002" type="0"/>
    <Peak1D F1="6.226142" intensity="3.094017e-002" type="0"/>
    <Peak1D F1="6.092505" intensity="5.841636e-002" type="0"/>
    <Peak1D F1="5.950486" intensity="1.877767e-001" type="0"/>
    <Peak1D F1="5.927973" intensity="2.375262e-001" type="0"/>
    <Peak1D F1="5.877897" intensity="1.252299e+001" type="0"/>
    <Peak1D F1="5.827935" intensity="3.377652e-001" type="0"/>
    <Peak1D F1="5.657247" intensity="5.833789e-002" type="0"/>
    <Peak1D F1="5.344503" intensity="2.768535e-002" type="0"/>
    <Peak1D F1="5.311059" intensity="2.979771e-002" type="0"/>
    <Peak1D F1="5.282088" intensity="7.164947e-002" type="0"/>
    <Peak1D F1="5.275977" intensity="8.417673e-002" type="0"/>
    <Peak1D F1="5.001094" intensity="2.866923e-002" type="0"/>
    <Peak1D F1="4.327809" intensity="1.394237e-001" type="0"/>
    <Peak1D F1="3.455463" intensity="3.001116e-002" type="0"/>
    <Peak1D F1="3.435697" intensity="9.581109e-002" type="0"/>
    <Peak1D F1="3.418234" intensity="2.101169e-001" type="0"/>
    <Peak1D F1="3.400701" intensity="2.358705e-001" type="0"/>
    <Peak1D F1="3.384666" intensity="1.999089e-001" type="0"/>
    <Peak1D F1="3.358933" intensity="3.046606e-002" type="0"/>
    <Peak1D F1="2.505368" intensity="9.591158e-002" type="0"/>
    <Peak1D F1="2.479908" intensity="4.201435e-002" type="0"/>
    <Peak1D F1="2.469557" intensity="4.067774e-002" type="0"/>
    <Peak1D F1="2.448666" intensity="4.794388e-002" type="0"/>
    <Peak1D F1="2.398999" intensity="3.631681e-001" type="0"/>
    <Peak1D F1="2.348580" intensity="1.500000e+001" type="0"/>
    <Peak1D F1="2.298882" intensity="4.056083e-001" type="0"/>
    <Peak1D F1="2.268569" intensity="3.311178e-001" type="0"/>
    <Peak1D F1="2.218723" intensity="1.397733e+001" type="0"/>
    <Peak1D F1="2.188891" intensity="2.000678e-001" type="0"/>
    <Peak1D F1="2.168769" intensity="3.712767e-001" type="0"/>
    <Peak1D F1="2.150914" intensity="1.754894e-001" type="0"/>
    <Peak1D F1="2.130372" intensity="1.176260e-001" type="0"/>
    <Peak1D F1="2.101718" intensity="2.920750e+000" type="0"/>
    <Peak1D F1="2.058566" intensity="7.474805e-002" type="0"/>
    <Peak1D F1="1.964497" intensity="6.075295e-002" type="0"/>
    <Peak1D F1="1.947694" intensity="9.983407e-002" type="0"/>
    <Peak1D F1="1.569642" intensity="9.951121e-002" type="0"/>
    <Peak1D F1="1.551731" intensity="6.803634e-002" type="0"/>
    <Peak1D F1="1.520647" intensity="2.500291e-001" type="0"/>
    <Peak1D F1="1.470714" intensity="1.279282e+001" type="0"/>
    <Peak1D F1="1.420986" intensity="2.040472e-001" type="0"/>
    <Peak1D F1="1.311066" intensity="4.195819e-002" type="0"/>
    <Peak1D F1="1.243839" intensity="3.422342e-001" type="0"/>
    <Peak1D F1="1.185097" intensity="1.088473e+000" type="0"/>
    <Peak1D F1="1.156584" intensity="2.731476e-001" type="0"/>
    <Peak1D F1="1.139007" intensity="4.552885e-001" type="0"/>
    <Peak1D F1="1.121573" intensity="2.233901e-001" type="0"/>
    <Peak1D F1="1.030667" intensity="3.018965e-002" type="0"/>
    <Peak1D F1="0.861783" intensity="3.459642e-002" type="0"/>
    <Peak1D F1="0.828639" intensity="1.303896e-001" type="0"/>
    <Peak1D F1="0.811619" intensity="2.820886e-001" type="0"/>
    <Peak1D F1="0.794030" intensity="1.443134e-001" type="0"/>
    <Peak1D F1="0.764309" intensity="6.584715e-002" type="0"/>
    <Peak1D F1="-0.000156" intensity="3.316384e-001" type="0"/>
  </PeakList1D>
</PeakList>
