<?xml version="1.0" encoding="UTF-8"?>
<PeakList>
  <PeakList1D>
    <PeakList1DHeader creator="nmr" date="2021-10-25T13:21:16.719+03:00" expNo="1" name="AM-150-S2" owner="" procNo="1" source="//132.72.8.180/400b/Milo/Milo">
      <PeakPickDetails>F1=16.096239ppm, F2=-3.932806ppm, MI=0.00cm, MAXI=10000.00cm, PC=1.000
      </PeakPickDetails>
    </PeakList1DHeader>
    <Peak1D F1="13.033444" intensity="4.252492e-003" type="0"/>
    <Peak1D F1="8.312403" intensity="1.277677e-002" type="0"/>
    <Peak1D F1="8.305684" intensity="1.352955e-002" type="0"/>
    <Peak1D F1="8.211800" intensity="5.983383e-003" type="0"/>
    <Peak1D F1="8.205529" intensity="6.846604e-003" type="0"/>
    <Peak1D F1="8.153962" intensity="5.312771e-002" type="0"/>
    <Peak1D F1="8.147105" intensity="5.658678e-002" type="0"/>
    <Peak1D F1="8.104092" intensity="2.756966e+000" type="0"/>
    <Peak1D F1="8.097105" intensity="2.803917e+000" type="0"/>
    <Peak1D F1="8.054149" intensity="4.613413e-002" type="0"/>
    <Peak1D F1="8.047148" intensity="4.710088e-002" type="0"/>
    <Peak1D F1="7.959970" intensity="7.426782e-002" type="0"/>
    <Peak1D F1="7.938944" intensity="8.766811e-002" type="0"/>
    <Peak1D F1="7.909873" intensity="3.115589e+000" type="0"/>
    <Peak1D F1="7.888978" intensity="3.418881e+000" type="0"/>
    <Peak1D F1="7.859741" intensity="6.703182e-002" type="0"/>
    <Peak1D F1="7.839148" intensity="7.085978e-002" type="0"/>
    <Peak1D F1="7.821754" intensity="2.038592e-002" type="0"/>
    <Peak1D F1="7.735171" intensity="5.110876e-001" type="0"/>
    <Peak1D F1="7.681018" intensity="4.831630e-002" type="0"/>
    <Peak1D F1="7.675372" intensity="4.070023e-002" type="0"/>
    <Peak1D F1="7.653138" intensity="2.522459e-002" type="0"/>
    <Peak1D F1="7.633993" intensity="2.073105e-002" type="0"/>
    <Peak1D F1="7.605713" intensity="1.015865e-002" type="0"/>
    <Peak1D F1="7.574438" intensity="1.020152e-002" type="0"/>
    <Peak1D F1="7.556982" intensity="1.205219e-002" type="0"/>
    <Peak1D F1="7.544091" intensity="1.782002e-002" type="0"/>
    <Peak1D F1="7.537221" intensity="1.628634e-002" type="0"/>
    <Peak1D F1="7.521729" intensity="2.128074e-002" type="0"/>
    <Peak1D F1="7.504859" intensity="6.749168e-002" type="0"/>
    <Peak1D F1="7.483521" intensity="7.503970e-002" type="0"/>
    <Peak1D F1="7.454418" intensity="2.713620e+000" type="0"/>
    <Peak1D F1="7.433934" intensity="2.473361e+000" type="0"/>
    <Peak1D F1="7.404764" intensity="6.193900e-002" type="0"/>
    <Peak1D F1="7.382548" intensity="6.416622e-002" type="0"/>
    <Peak1D F1="7.365850" intensity="4.151543e-002" type="0"/>
    <Peak1D F1="7.358985" intensity="4.403485e-002" type="0"/>
    <Peak1D F1="7.338034" intensity="1.390199e+000" type="0"/>
    <Peak1D F1="7.331033" intensity="1.365015e+000" type="0"/>
    <Peak1D F1="7.316011" intensity="1.510218e+000" type="0"/>
    <Peak1D F1="7.309007" intensity="1.479363e+000" type="0"/>
    <Peak1D F1="7.288104" intensity="3.417821e-002" type="0"/>
    <Peak1D F1="7.281003" intensity="3.199766e-002" type="0"/>
    <Peak1D F1="7.266291" intensity="3.244345e-002" type="0"/>
    <Peak1D F1="7.258886" intensity="3.448748e-002" type="0"/>
    <Peak1D F1="7.241297" intensity="1.258515e-001" type="0"/>
    <Peak1D F1="7.230847" intensity="2.799339e-002" type="0"/>
    <Peak1D F1="7.191388" intensity="6.787455e+000" type="0"/>
    <Peak1D F1="7.141375" intensity="9.997799e-002" type="0"/>
    <Peak1D F1="7.127839" intensity="1.030021e-002" type="0"/>
    <Peak1D F1="7.121530" intensity="8.170912e-003" type="0"/>
    <Peak1D F1="7.106970" intensity="1.007232e-002" type="0"/>
    <Peak1D F1="7.099782" intensity="9.154470e-003" type="0"/>
    <Peak1D F1="7.029058" intensity="1.422158e-002" type="0"/>
    <Peak1D F1="7.006786" intensity="1.204945e-002" type="0"/>
    <Peak1D F1="6.955769" intensity="4.633848e-003" type="0"/>
    <Peak1D F1="6.927332" intensity="3.688479e-002" type="0"/>
    <Peak1D F1="6.879934" intensity="4.917660e-002" type="0"/>
    <Peak1D F1="6.857833" intensity="5.115629e-002" type="0"/>
    <Peak1D F1="6.829934" intensity="2.395885e+000" type="0"/>
    <Peak1D F1="6.807843" intensity="2.203094e+000" type="0"/>
    <Peak1D F1="6.794634" intensity="3.192854e-002" type="0"/>
    <Peak1D F1="6.779832" intensity="4.092120e-002" type="0"/>
    <Peak1D F1="6.757893" intensity="3.505709e-002" type="0"/>
    <Peak1D F1="6.627190" intensity="1.093802e-002" type="0"/>
    <Peak1D F1="6.605295" intensity="1.133218e-002" type="0"/>
    <Peak1D F1="5.300565" intensity="5.692316e-003" type="0"/>
    <Peak1D F1="5.287677" intensity="9.455909e-003" type="0"/>
    <Peak1D F1="5.275107" intensity="1.437497e-002" type="0"/>
    <Peak1D F1="5.172737" intensity="4.566229e-003" type="0"/>
    <Peak1D F1="5.141771" intensity="4.651851e-003" type="0"/>
    <Peak1D F1="4.078127" intensity="1.047681e-002" type="0"/>
    <Peak1D F1="4.060102" intensity="3.423307e-002" type="0"/>
    <Peak1D F1="4.041956" intensity="3.427309e-002" type="0"/>
    <Peak1D F1="4.024152" intensity="1.279902e-002" type="0"/>
    <Peak1D F1="3.921655" intensity="7.319640e-002" type="0"/>
    <Peak1D F1="3.903454" intensity="6.037463e-003" type="0"/>
    <Peak1D F1="3.891013" intensity="9.191485e-003" type="0"/>
    <Peak1D F1="3.872383" intensity="2.106963e-002" type="0"/>
    <Peak1D F1="3.857386" intensity="2.245338e-002" type="0"/>
    <Peak1D F1="3.843188" intensity="1.798474e-002" type="0"/>
    <Peak1D F1="3.832917" intensity="1.766867e-002" type="0"/>
    <Peak1D F1="3.791826" intensity="2.870623e-001" type="0"/>
    <Peak1D F1="3.766162" intensity="1.131041e-001" type="0"/>
    <Peak1D F1="3.741858" intensity="1.500000e+001" type="0"/>
    <Peak1D F1="3.716628" intensity="1.069768e+000" type="0"/>
    <Peak1D F1="3.699413" intensity="2.528224e+000" type="0"/>
    <Peak1D F1="3.691887" intensity="5.330032e-001" type="0"/>
    <Peak1D F1="3.684176" intensity="2.568366e+000" type="0"/>
    <Peak1D F1="3.667084" intensity="1.112080e+000" type="0"/>
    <Peak1D F1="3.649658" intensity="6.475804e-002" type="0"/>
    <Peak1D F1="3.634060" intensity="5.447862e-002" type="0"/>
    <Peak1D F1="3.617297" intensity="2.632406e-002" type="0"/>
    <Peak1D F1="3.557196" intensity="7.424412e-002" type="0"/>
    <Peak1D F1="3.539042" intensity="8.684873e-003" type="0"/>
    <Peak1D F1="3.522050" intensity="1.518888e-002" type="0"/>
    <Peak1D F1="3.507810" intensity="1.581163e-002" type="0"/>
    <Peak1D F1="3.491072" intensity="6.446952e-003" type="0"/>
    <Peak1D F1="3.480642" intensity="6.095865e-003" type="0"/>
    <Peak1D F1="3.465202" intensity="4.948715e-003" type="0"/>
    <Peak1D F1="3.432240" intensity="4.452140e-003" type="0"/>
    <Peak1D F1="3.235966" intensity="4.416569e-003" type="0"/>
    <Peak1D F1="3.187196" intensity="1.167599e-002" type="0"/>
    <Peak1D F1="3.170159" intensity="1.784687e-002" type="0"/>
    <Peak1D F1="3.151928" intensity="1.187642e-002" type="0"/>
    <Peak1D F1="3.132765" intensity="9.062205e-003" type="0"/>
    <Peak1D F1="3.118500" intensity="8.563871e-003" type="0"/>
    <Peak1D F1="3.112036" intensity="8.660453e-003" type="0"/>
    <Peak1D F1="3.077046" intensity="4.254165e-002" type="0"/>
    <Peak1D F1="3.059834" intensity="7.849082e-002" type="0"/>
    <Peak1D F1="3.027107" intensity="1.628506e+000" type="0"/>
    <Peak1D F1="3.009803" intensity="3.156918e+000" type="0"/>
    <Peak1D F1="2.992455" intensity="1.469505e+000" type="0"/>
    <Peak1D F1="2.959789" intensity="6.116109e-002" type="0"/>
    <Peak1D F1="2.941865" intensity="2.936784e-002" type="0"/>
    <Peak1D F1="2.862783" intensity="1.172563e-002" type="0"/>
    <Peak1D F1="2.845711" intensity="1.635562e-002" type="0"/>
    <Peak1D F1="2.828656" intensity="1.083252e-002" type="0"/>
    <Peak1D F1="2.167980" intensity="1.671039e-002" type="0"/>
    <Peak1D F1="2.150147" intensity="3.331762e-002" type="0"/>
    <Peak1D F1="2.130506" intensity="2.074024e-002" type="0"/>
    <Peak1D F1="2.100520" intensity="5.586065e-001" type="0"/>
    <Peak1D F1="2.050408" intensity="9.653348e-003" type="0"/>
    <Peak1D F1="2.027655" intensity="8.809906e-003" type="0"/>
    <Peak1D F1="1.974233" intensity="1.485026e-001" type="0"/>
    <Peak1D F1="1.947352" intensity="1.594803e-002" type="0"/>
    <Peak1D F1="1.568151" intensity="1.399990e-002" type="0"/>
    <Peak1D F1="1.551664" intensity="3.386680e-002" type="0"/>
    <Peak1D F1="1.501824" intensity="1.393101e+000" type="0"/>
    <Peak1D F1="1.452085" intensity="2.269227e-002" type="0"/>
    <Peak1D F1="1.402824" intensity="5.085873e-003" type="0"/>
    <Peak1D F1="1.357586" intensity="7.024344e-003" type="0"/>
    <Peak1D F1="1.263187" intensity="3.184682e-002" type="0"/>
    <Peak1D F1="1.242331" intensity="5.734712e-002" type="0"/>
    <Peak1D F1="1.206675" intensity="8.311798e-002" type="0"/>
    <Peak1D F1="1.188691" intensity="1.668456e-001" type="0"/>
    <Peak1D F1="1.185210" intensity="1.343372e-001" type="0"/>
    <Peak1D F1="1.170996" intensity="5.405604e-002" type="0"/>
    <Peak1D F1="1.135086" intensity="9.946343e-003" type="0"/>
    <Peak1D F1="1.067325" intensity="4.677714e-003" type="0"/>
    <Peak1D F1="1.045234" intensity="4.872166e-003" type="0"/>
    <Peak1D F1="1.038648" intensity="4.629590e-003" type="0"/>
    <Peak1D F1="1.025302" intensity="4.754773e-003" type="0"/>
    <Peak1D F1="1.015987" intensity="4.750851e-003" type="0"/>
    <Peak1D F1="0.856876" intensity="4.926421e-003" type="0"/>
    <Peak1D F1="0.827179" intensity="2.054054e-002" type="0"/>
    <Peak1D F1="0.810447" intensity="4.683265e-002" type="0"/>
    <Peak1D F1="0.792851" intensity="2.192919e-002" type="0"/>
    <Peak1D F1="0.775986" intensity="1.339061e-002" type="0"/>
    <Peak1D F1="0.760064" intensity="1.034660e-002" type="0"/>
    <Peak1D F1="0.718277" intensity="5.119811e-003" type="0"/>
    <Peak1D F1="0.634300" intensity="4.324555e-003" type="0"/>
    <Peak1D F1="0.516030" intensity="4.608095e-003" type="0"/>
    <Peak1D F1="0.049606" intensity="6.766624e-003" type="0"/>
    <Peak1D F1="-0.000157" intensity="2.278085e-001" type="0"/>
    <Peak1D F1="-0.050421" intensity="4.651837e-003" type="0"/>
    <Peak1D F1="-0.149442" intensity="4.271245e-003" type="0"/>
    <Peak1D F1="-3.546274" intensity="4.327198e-003" type="0"/>
    <Peak1D F1="-3.598814" intensity="4.496560e-003" type="0"/>
  </PeakList1D>
</PeakList>
