<?xml version="1.0" encoding="UTF-8"?>
<PeakList>
  <PeakList1D>
    <PeakList1DHeader creator="nmr" date="2021-11-01T14:40:32.548+02:00" expNo="1" name="AM-Ester-13C" owner="" procNo="1" source="//132.72.8.180/400b/Milo/Milo">
      <PeakPickDetails>F1=219.481201ppm, F2=-19.481190ppm, MI=0.00cm, MAXI=10000.00cm, PC=1.400
      </PeakPickDetails>
    </PeakList1DHeader>
    <Peak1D F1="167.098663" intensity="1.307414e+000" type="0"/>
    <Peak1D F1="133.177780" intensity="8.305718e-002" type="0"/>
    <Peak1D F1="132.902008" intensity="7.876369e+000" type="0"/>
    <Peak1D F1="132.625046" intensity="8.258820e-002" type="0"/>
    <Peak1D F1="130.174957" intensity="1.978940e+000" type="0"/>
    <Peak1D F1="129.983063" intensity="1.192896e-001" type="0"/>
    <Peak1D F1="129.894531" intensity="5.485060e-002" type="0"/>
    <Peak1D F1="129.728134" intensity="1.657362e-001" type="0"/>
    <Peak1D F1="129.570236" intensity="1.397929e+001" type="0"/>
    <Peak1D F1="129.334076" intensity="1.222051e-001" type="0"/>
    <Peak1D F1="128.595871" intensity="9.294640e-002" type="0"/>
    <Peak1D F1="128.555298" intensity="1.451195e-001" type="0"/>
    <Peak1D F1="128.355988" intensity="1.500000e+001" type="0"/>
    <Peak1D F1="128.044037" intensity="9.063335e-002" type="0"/>
    <Peak1D F1="77.393364" intensity="2.737858e+000" type="0"/>
    <Peak1D F1="77.277695" intensity="1.790647e-001" type="0"/>
    <Peak1D F1="77.075752" intensity="2.784668e+000" type="0"/>
    <Peak1D F1="76.757553" intensity="2.783900e+000" type="0"/>
    <Peak1D F1="52.076794" intensity="5.507504e+000" type="0"/>
  </PeakList1D>
</PeakList>
