<?xml version="1.0" encoding="UTF-8"?>
<PeakList>
  <PeakList1D>
    <PeakList1DHeader creator="nmr" date="2021-10-25T14:41:11.316+03:00" expNo="11" name="AM-150-2-Cl" owner="" procNo="1" source="//132.72.8.180/400b/Milo/Milo">
      <PeakPickDetails>F1=16.094400ppm, F2=-3.934645ppm, MI=0.00cm, MAXI=10000.00cm, PC=1.000
      </PeakPickDetails>
    </PeakList1DHeader>
    <Peak1D F1="15.085591" intensity="1.399529e-002" type="0"/>
    <Peak1D F1="10.508766" intensity="1.546615e-002" type="0"/>
    <Peak1D F1="10.465223" intensity="1.432758e-002" type="0"/>
    <Peak1D F1="10.396810" intensity="1.831892e-002" type="0"/>
    <Peak1D F1="10.171102" intensity="3.510062e-001" type="0"/>
    <Peak1D F1="10.058464" intensity="5.877647e-002" type="0"/>
    <Peak1D F1="10.011851" intensity="3.322781e-002" type="0"/>
    <Peak1D F1="9.945262" intensity="2.122008e-002" type="0"/>
    <Peak1D F1="9.909679" intensity="1.666671e-002" type="0"/>
    <Peak1D F1="9.898424" intensity="1.704311e-002" type="0"/>
    <Peak1D F1="8.051270" intensity="2.828125e-002" type="0"/>
    <Peak1D F1="7.987505" intensity="1.930482e-002" type="0"/>
    <Peak1D F1="7.937986" intensity="3.870150e-002" type="0"/>
    <Peak1D F1="7.918021" intensity="1.010711e-001" type="0"/>
    <Peak1D F1="7.896048" intensity="1.510950e-001" type="0"/>
    <Peak1D F1="7.867665" intensity="3.627223e+000" type="0"/>
    <Peak1D F1="7.847278" intensity="3.844970e+000" type="0"/>
    <Peak1D F1="7.818393" intensity="1.482039e-001" type="0"/>
    <Peak1D F1="7.798244" intensity="1.069184e-001" type="0"/>
    <Peak1D F1="7.725876" intensity="2.330681e-002" type="0"/>
    <Peak1D F1="7.660713" intensity="5.407873e-002" type="0"/>
    <Peak1D F1="7.614519" intensity="6.626543e-001" type="0"/>
    <Peak1D F1="7.594152" intensity="6.946174e-001" type="0"/>
    <Peak1D F1="7.545720" intensity="4.364923e-002" type="0"/>
    <Peak1D F1="7.489920" intensity="3.166299e-001" type="0"/>
    <Peak1D F1="7.472346" intensity="3.907131e-001" type="0"/>
    <Peak1D F1="7.448413" intensity="1.960011e-001" type="0"/>
    <Peak1D F1="7.418300" intensity="6.649789e-001" type="0"/>
    <Peak1D F1="7.397984" intensity="7.470918e-001" type="0"/>
    <Peak1D F1="7.361788" intensity="3.348841e-001" type="0"/>
    <Peak1D F1="7.342013" intensity="7.696843e-001" type="0"/>
    <Peak1D F1="7.323252" intensity="5.099724e-001" type="0"/>
    <Peak1D F1="7.302489" intensity="4.352879e-001" type="0"/>
    <Peak1D F1="7.283020" intensity="2.867233e-001" type="0"/>
    <Peak1D F1="7.249639" intensity="4.214483e+000" type="0"/>
    <Peak1D F1="7.239679" intensity="1.384897e+000" type="0"/>
    <Peak1D F1="7.229434" intensity="4.089216e+000" type="0"/>
    <Peak1D F1="7.219311" intensity="1.991406e+000" type="0"/>
    <Peak1D F1="7.215829" intensity="1.974970e+000" type="0"/>
    <Peak1D F1="7.196699" intensity="2.997475e+000" type="0"/>
    <Peak1D F1="7.189656" intensity="1.992455e+001" type="0"/>
    <Peak1D F1="7.164111" intensity="1.585863e+000" type="0"/>
    <Peak1D F1="7.160168" intensity="1.559861e+000" type="0"/>
    <Peak1D F1="7.147366" intensity="3.039305e+000" type="0"/>
    <Peak1D F1="7.140145" intensity="3.713151e+000" type="0"/>
    <Peak1D F1="7.136364" intensity="4.273803e+000" type="0"/>
    <Peak1D F1="7.121362" intensity="3.232964e+000" type="0"/>
    <Peak1D F1="7.117017" intensity="2.247947e+000" type="0"/>
    <Peak1D F1="7.103562" intensity="2.124189e+000" type="0"/>
    <Peak1D F1="7.099751" intensity="1.791787e+000" type="0"/>
    <Peak1D F1="7.086210" intensity="1.446098e+000" type="0"/>
    <Peak1D F1="7.082146" intensity="1.192151e+000" type="0"/>
    <Peak1D F1="7.065707" intensity="7.016614e-001" type="0"/>
    <Peak1D F1="6.934415" intensity="1.300489e-001" type="0"/>
    <Peak1D F1="6.925672" intensity="2.008523e-001" type="0"/>
    <Peak1D F1="6.913671" intensity="1.927004e-001" type="0"/>
    <Peak1D F1="6.884647" intensity="3.559953e+000" type="0"/>
    <Peak1D F1="6.864231" intensity="4.362576e+000" type="0"/>
    <Peak1D F1="6.834918" intensity="1.456039e-001" type="0"/>
    <Peak1D F1="6.814319" intensity="1.664665e-001" type="0"/>
    <Peak1D F1="6.790676" intensity="3.404796e-001" type="0"/>
    <Peak1D F1="6.761161" intensity="1.595220e-001" type="0"/>
    <Peak1D F1="6.740061" intensity="1.596774e-001" type="0"/>
    <Peak1D F1="6.710878" intensity="4.860732e+000" type="0"/>
    <Peak1D F1="6.690225" intensity="3.873901e+000" type="0"/>
    <Peak1D F1="6.660953" intensity="1.493623e-001" type="0"/>
    <Peak1D F1="6.640758" intensity="9.083726e-002" type="0"/>
    <Peak1D F1="6.606643" intensity="1.385445e-002" type="0"/>
    <Peak1D F1="6.547932" intensity="1.402035e-002" type="0"/>
    <Peak1D F1="6.506221" intensity="1.856941e-002" type="0"/>
    <Peak1D F1="6.492021" intensity="1.928980e-002" type="0"/>
    <Peak1D F1="5.351600" intensity="1.416022e-002" type="0"/>
    <Peak1D F1="5.273765" intensity="3.604421e-002" type="0"/>
    <Peak1D F1="3.702898" intensity="1.421307e-002" type="0"/>
    <Peak1D F1="3.448918" intensity="2.225867e-002" type="0"/>
    <Peak1D F1="3.433516" intensity="1.770017e-001" type="0"/>
    <Peak1D F1="3.416024" intensity="5.251737e-001" type="0"/>
    <Peak1D F1="3.398481" intensity="5.262014e-001" type="0"/>
    <Peak1D F1="3.380967" intensity="1.842914e-001" type="0"/>
    <Peak1D F1="3.364961" intensity="1.697771e-002" type="0"/>
    <Peak1D F1="3.356310" intensity="1.603535e-002" type="0"/>
    <Peak1D F1="3.104178" intensity="1.315080e-002" type="0"/>
    <Peak1D F1="2.579908" intensity="1.303482e-002" type="0"/>
    <Peak1D F1="2.515349" intensity="9.124422e-002" type="0"/>
    <Peak1D F1="2.409134" intensity="3.061429e-001" type="0"/>
    <Peak1D F1="2.358741" intensity="1.500000e+001" type="0"/>
    <Peak1D F1="2.318145" intensity="2.229341e+000" type="0"/>
    <Peak1D F1="2.264693" intensity="2.045207e+000" type="0"/>
    <Peak1D F1="2.209975" intensity="3.653631e-001" type="0"/>
    <Peak1D F1="2.197764" intensity="2.415357e-001" type="0"/>
    <Peak1D F1="2.160147" intensity="1.415562e+001" type="0"/>
    <Peak1D F1="2.122328" intensity="1.509799e-001" type="0"/>
    <Peak1D F1="2.110037" intensity="2.862407e-001" type="0"/>
    <Peak1D F1="2.098646" intensity="5.664855e-001" type="0"/>
    <Peak1D F1="2.080079" intensity="2.152606e-002" type="0"/>
    <Peak1D F1="2.048505" intensity="1.838141e-002" type="0"/>
    <Peak1D F1="1.999432" intensity="7.785670e-002" type="0"/>
    <Peak1D F1="1.963065" intensity="3.367034e-002" type="0"/>
    <Peak1D F1="1.944831" intensity="3.986443e-002" type="0"/>
    <Peak1D F1="1.930108" intensity="3.808519e-002" type="0"/>
    <Peak1D F1="1.597971" intensity="1.833569e-002" type="0"/>
    <Peak1D F1="1.531868" intensity="1.194152e-001" type="0"/>
    <Peak1D F1="1.481550" intensity="6.948508e+000" type="0"/>
    <Peak1D F1="1.431584" intensity="1.167360e-001" type="0"/>
    <Peak1D F1="1.393841" intensity="1.363680e-002" type="0"/>
    <Peak1D F1="1.238694" intensity="1.442585e-001" type="0"/>
    <Peak1D F1="1.184434" intensity="7.230960e-001" type="0"/>
    <Peak1D F1="1.154709" intensity="5.736713e-001" type="0"/>
    <Peak1D F1="1.137156" intensity="1.104131e+000" type="0"/>
    <Peak1D F1="1.119613" intensity="5.385026e-001" type="0"/>
    <Peak1D F1="1.087717" intensity="2.483467e-002" type="0"/>
    <Peak1D F1="1.041731" intensity="1.355365e-002" type="0"/>
    <Peak1D F1="0.977690" intensity="1.402629e-002" type="0"/>
    <Peak1D F1="0.826766" intensity="5.892853e-002" type="0"/>
    <Peak1D F1="0.810756" intensity="1.181947e-001" type="0"/>
    <Peak1D F1="0.792850" intensity="5.939880e-002" type="0"/>
    <Peak1D F1="-0.000149" intensity="2.597575e-001" type="0"/>
    <Peak1D F1="-0.009062" intensity="1.946035e-002" type="0"/>
    <Peak1D F1="-3.726465" intensity="1.277548e-002" type="0"/>
  </PeakList1D>
</PeakList>
